store_name,property_id,,
CoCo 都可,美食,,
CoCo 都可,美食,,
CoCo 都可,美食,,
圣凯恩泳池,108,,
圣凯恩泳池,108,,
圣凯恩泳池,108,,
圣凯恩泳池,108,,
圣凯恩泳池,休闲娱乐,,
圣凯恩泳池,休闲娱乐,,
圣凯恩泳池,休闲娱乐,,
圣凯恩泳池,休闲娱乐,,
圣凯恩泳池,休闲娱乐,,
圣凯恩泳池,休闲娱乐,,
宝岛眼镜,品牌服饰,,
汪小荷,婴幼儿童,,
劲浪体育,品牌服饰,,
MX科技,家居生活,,
NIKE KL,品牌服饰,,
浙温眼镜,品牌服饰,,
米沫私人定制,丽人美业,,
谢瑞麟,品牌服饰,,
W?J日式美甲美睫生活馆,丽人美业,,
兰缪lamiu,品牌服饰,,
top feeling,时尚精品,,
名创优品,品牌服饰,,
H&M,时尚精品,,
初瑜伽,休闲娱乐,,
CONNETIC,品牌服饰,,
成都合生汇,美食餐饮,,
漫丝肌肤管理,丽人美业,,
MEILLEUR MOMENT,品牌服饰,,
老凤祥,品牌服饰,,
MINI PEACE,婴幼儿童,,
外交官,品牌服饰,,
幻影星空VR主题乐园,休闲娱乐,,
小天才&步步高,教育培训,,
嘟嘟圣婴,教育培训,,
卡西欧,品牌服饰,,
三叶草,品牌服饰,,
QOY＆3OQ,品牌服饰,,
MO＆Co.Edition MO＆CO.,品牌服饰,,
Palladium,品牌服饰,,
赫然悦容妆,香水彩妆,,
小馋院,美食餐饮,,
好利来,美食餐饮,,
欧时力,品牌服饰,,
米豆妖妖,美食餐饮,,
迪迪鹿 Dear Deer,婴幼儿童,,
满记甜品,美食餐饮,,
九田家黑牛烤肉,美食餐饮,,
RE-BLUE,品牌服饰,,
哈根达斯,美食餐饮,,
ZARA,时尚精品,,
OYSHO,时尚精品,,
童乐嘉儿,教育培训,,
麦当劳,美食餐饮,,
屈臣氏,香水彩妆,,
荣康倍儿爽按摩椅,时尚精品,,
卡洛弥,品牌服饰,,
宝贝玛丽,品牌服饰,,
ONLY,品牌服饰,,
中国黄金,品牌服饰,,
伊藤洋华堂,品牌服饰,,
爱买,品牌服饰,,
玩色,香水彩妆,,
edition,品牌服饰,,
小米,品牌服饰,,
钻石世家,品牌服饰,,
木九十,品牌服饰,,
VEROMODA,品牌服饰,,
eifini伊芙丽,品牌服饰,,
挑战味蕾包烧米线,美食餐饮,,
新世家族,品牌服饰,,
轩客会,休闲娱乐,,
Massimo Dutti,时尚精品,,
戈美其,品牌服饰,,
红豆居家,品牌服饰,,
太平鸟男装,品牌服饰,,
爱舍梵美里,美食餐饮,,
足力健,品牌服饰,,
星巴克,美食餐饮,,
烤匠,美食餐饮,,
Cyncia,品牌服饰,,
国际私塾,教育培训,,
新美伦,时尚精品,,
汉棠,丽人美业,,
九锅一堂,美食餐饮,,
一把骨,美食餐饮,,
Meforever,品牌服饰,,
布鲁可,教育培训,,
畹町,品牌服饰,,
雅戈尔,品牌服饰,,
茁悦牙科,丽人美业,,
KIKC,品牌服饰,,
胡桃里,美食餐饮,,
aura&days光和日子咖啡屋,美食餐饮,,
棉叠子,婴幼儿童,,
NEELLY,品牌服饰,,
回力,品牌服饰,,
永匠府,美食餐饮,,
1588铁板牛排,美食餐饮,,
青柠记忆,美食餐饮,,
dzzit,品牌服饰,,
智趣游乐交通小镇,休闲娱乐,,
禾丰记,美食餐饮,,
小市川,美食餐饮,,
追银族,品牌服饰,,
正新鸡排,美食餐饮,,
卡雷拉,教育培训,,
NEO LENS,品牌服饰,,
汤姆熊欢乐世界,休闲娱乐,,
B.Duck,婴幼儿童,,
安婕妤,丽人美业,,
源本织家居生活馆,品牌服饰,,
谜底,品牌服饰,,
庙东排骨,美食餐饮,,
曹氏辣卤,美食餐饮,,
蛙3烹蛙馆,美食餐饮,,
悦诗风吟,香水彩妆,,
幻熊VR,休闲娱乐,,
白巷子,美食餐饮,,
反斗乐园,教育培训,,
然本,品牌服饰,,
POLO SPORT,品牌服饰,,
西北杂粮框,美食餐饮,,
恩瑞妮,品牌服饰,,
积木宝贝,教育培训,,
Dave Bella戴维贝拉,婴幼儿童,,
江南布衣（jnby by JNBY）、moimoln,婴幼儿童,,
艾美家,家居生活,,
鲜芋仙,美食餐饮,,
Teenie Weenie,品牌服饰,,
GLORIA 歌莉娅,品牌服饰,,
SELECTED,品牌服饰,,
Roem,品牌服饰,,
苏宁,家居生活,,
一叶一世界藏茶蔬食火锅,美食餐饮,,
9点按摩椅,休闲娱乐,,
蜀舞堂,教育培训,,
V颜科技美肤管,香水彩妆,,
FAIRWHALE,品牌服饰,,
咪咕学院网咖,休闲娱乐,,
木子一乐 烤肉,美食餐饮,,
康美堂,香水彩妆,,
小猪小牛,美食餐饮,,
SHINE EMMY,品牌服饰,,
尚美汇奢侈品服务中心,品牌服饰,,
DR珠宝,品牌服饰,,
CGV影城,休闲娱乐,,
热风,时尚精品,,
vans,品牌服饰,,
洋葱海外仓,香水彩妆,,
吉布鲁牛排,美食餐饮,,
眼镜先生,品牌服饰,,
FILA,品牌服饰,,
hazzys,品牌服饰,,
古田森,品牌服饰,,
以纯,品牌服饰,,
普格菲,其他,,
芭莉与彩虹,美食餐饮,,
i XIAN SUO,品牌服饰,,
劲浪体育,品牌服饰,,
写生,品牌服饰,,
樊文花,丽人美业,,
宾GO101牛排,美食餐饮,,
糖心女孩,美食餐饮,,
DUNANA,品牌服饰,,
Dickies,品牌服饰,,
黄记煌,美食餐饮,,
思达数学思维,教育培训,,
vvild小野,香水彩妆,,
清港,休闲娱乐,,
VICKYPEPE,品牌服饰,,
拙列,品牌服饰,,
BOYLONDON,品牌服饰,,
ZIGEE,时尚精品,,
鸾火花胶鸡,美食餐饮,,
大米先生,美食餐饮,,
醉美秋天自助式餐厅,美食餐饮,,
佬偏偏,美食餐饮,,
拉夏贝尔,时尚精品,,
TEENIE WEENIE,品牌服饰,,
瑞玛披萨,美食餐饮,,
mix blu,品牌服饰,,
鲜の芙蕾,美食餐饮,,
华为,家居生活,,
维意定制,家居生活,,
New  Balance,品牌服饰,,
书亦烧仙草,美食餐饮,,
铁酱日本手作披萨,美食餐饮,,
ABC KIDS,婴幼儿童,,
乐猪烤肉,美食餐饮,,
PEARY CULTURE,品牌服饰,,
JACK&JONES,品牌服饰,,
CONVERSE,品牌服饰,,
蹦床俱乐部,休闲娱乐,,
顺水鱼馆守柴炉烤鸭,美食餐饮,,
CoronaLime,品牌服饰,,
谭鸭血火锅,美食餐饮,,
WOWCOLOUR,香水彩妆,,
月芽儿Yueyaer,品牌服饰,,
To Alice,品牌服饰,,
Timberland,鞋包配饰,,
YARVE,品牌服饰,,
Adidas Originals,品牌服饰,,
商米SUNMI,数码电器,,
NIKE+,品牌服饰,,
Inxx,品牌服饰,,
SATURDAY MODE,鞋包配饰,,
KICKS LOUNGE,鞋包配饰,,
Evisu,品牌服饰,,
又炒酸奶,休闲食品,,
Chocoolate,品牌服饰,,
VQ果汁,休闲食品,,
Izzue,品牌服饰,,
逸座,家居生活,,
DR珠宝,珠宝首饰,,
AAPE,品牌服饰,,
WHOUS,品牌服饰,,
七田真,教育培训,,
星巴克,美食餐饮,,
FLAGLADY,品牌服饰,,
ISWEETCAKE,休闲食品,,
同仁堂,休闲食品,,
星巴克臻选?咖啡・酒坊,美食餐饮,,
hello功夫,教育培训,,
Hardy Hardy,品牌服饰,,
Le Petit Chateau,婴幼儿童,,
SONY+DELL,数码电器,,
4iNLOOK,鞋包配饰,,
VIZAVIZA,品牌服饰,,
二次元,休闲娱乐,,
白玉兰食品,美食餐饮,,
test-tube,品牌服饰,,
海谷龙,教育培训,,
汉堡王,美食餐饮,,
RainbowDance,休闲娱乐,,
New Balance Kids,婴幼儿童,,
SKECHERS,鞋包配饰,,
瑷嘉莎,品牌服饰,,
ISE,品牌服饰,,
AMANI,丽人美业,,
哈尼哈尼,美食餐饮,,
熊猫老灶火锅,美食餐饮,,
i-lollipop,婴幼儿童,,
LULULEMON,品牌服饰,,
顺小集,美食餐饮,,
家府潮汕菜,美食餐饮,,
POLO SPORT,品牌服饰,,
CK underwear,品牌服饰,,
CK performance,品牌服饰,,
CK JEANS,品牌服饰,,
浅甜,休闲食品,,
酷乐潮玩,家居生活,,
周大福荟馆,珠宝首饰,,
ONLY,品牌服饰,,
Moussy/Sly,品牌服饰,,
青花椒,美食餐饮,,
PANDORA,珠宝首饰,,
URBAN REVIVO1,品牌服饰,,
JINS,鞋包配饰,,
能量市集、ENERGY BAZAAR,美食餐饮,,
IG,品牌服饰,,
Ole’,超市,,
APPLE,数码电器,,
AIGLE,品牌服饰,,
吴良材、茂昌,鞋包配饰,,
aojo,鞋包配饰,,
WAGAS,美食餐饮,,
Joy＆Peace,鞋包配饰,,
妖精的口袋,品牌服饰,,
VERO MODA,品牌服饰,,
微星,数码电器,,
Massimo Dutti,品牌服饰,,
上海合生汇,其他,,
衣架,品牌服饰,,
色彩主义/调色师,香水彩妆,,
天泰,美食餐饮,,
LOHO,鞋包配饰,,
爱回收核销用,数码电器,,
浪琴LONGINES,珠宝首饰,,
大众书局,休闲娱乐,,
Koradior、Koradior else where,品牌服饰,,
PURCOTTON 全棉时代,家居生活,,
Isee灰姑娘,教育培训,,
DQ,休闲食品,,
GIORDANO LADIES,品牌服饰,,
GROTTO,鞋包配饰,,
UR,品牌服饰,,
Initial,品牌服饰,,
来伊份,休闲食品,,
I Do,珠宝首饰,,
威马,其他,,
PetSugar倍甜,其他,,
华为,数码电器,,
星怡会,美食餐饮,,
乐眸眼镜,鞋包配饰,,
蟹榭,美食餐饮,,
一w寿喜烧,美食餐饮,,
约食季,美食餐饮,,
芝湖参鸡汤,美食餐饮,,
PopMart,家居生活,,
LadyM,美食餐饮,,
LILY,品牌服饰,,
BEBEDEPINO,品牌服饰,,
,美食餐饮,,
Adidas Kids,婴幼儿童,,
吃饭皇帝大,美食餐饮,,
INNISFREE,香水彩妆,,
RIOTLILY,珠宝首饰,,
Oxfordkids,教育培训,,
STACCATO,鞋包配饰,,
Kidsland,婴幼儿童,,
红犀牛,品牌服饰,,
MELAND、星际传奇,休闲娱乐,,
teenmix天美意,鞋包配饰,,
花园宝宝,教育培训,,
i.t,品牌服饰,,
莫西子诗美体SAP,丽人美业,,
乐宁教育,教育培训,,
望蓉城,美食餐饮,,
V’S,丽人美业,,
Mothercare,婴幼儿童,,
Maxiaona,品牌服饰,,
YEEHOO,婴幼儿童,,
如一鸡鲍鱼,美食餐饮,,
Qtools,婴幼儿童,,
满记甜品,休闲食品,,
Foss,鞋包配饰,,
米喜迪Me＆City Kids,婴幼儿童,,
恋暖初茶,休闲食品,,
AIKERL,品牌服饰,,
汴京茶寮,休闲食品,,
MOISSAC,品牌服饰,,
ME&CITY,品牌服饰,,
iSharing爱畅享,数码电器,,
FILA,品牌服饰,,
chefpapa,美食餐饮,,
马记永,美食餐饮,,
巡湘记,美食餐饮,,
U-SHOW,丽人美业,,
上海合生汇,其他,,
Belle,鞋包配饰,,
桂满陇,美食餐饮,,
Clarks,鞋包配饰,,
Me&City,婴幼儿童,,
idooer,品牌服饰,,
包小姐与鞋先生,鞋包配饰,,
ROG 玩家国度,数码电器,,
Hush Puppies 暇步士,鞋包配饰,,
AIMER KIDS,婴幼儿童,,
华硕,数码电器,,
Jamor,品牌服饰,,
23°不太冷椰子鸡,美食餐饮,,
Enzo,珠宝首饰,,
DESCENTE迪桑特,品牌服饰,,
维记,美食餐饮,,
日置名媛,丽人美业,,
NIKE KIDS,品牌服饰,,
塔哈尔迷迭巷,美食餐饮,,
小锄匠,美食餐饮,,
快乐柠檬,休闲食品,,
小马快跑,教育培训,,
中影影院,休闲娱乐,,
Ochirly,品牌服饰,,
L-mirror,丽人美业,,
嘻游记,美食餐饮,,
美丽田园BeautyFarm,丽人美业,,
ARIOSE years,品牌服饰,,
星聚会,休闲娱乐,,
极火酱烧,美食餐饮,,
小辉哥,美食餐饮,,
海野家舞渔,美食餐饮,,
伊秀寿司,美食餐饮,,
集,休闲食品,,
鱼非鱼,美食餐饮,,
威尔士,休闲娱乐,,
炙柒,美食餐饮,,
小问号,教育培训,,
猛犸象Mammut,品牌服饰,,
传福,珠宝首饰,,
厚贞,美食餐饮,,
天真蓝,家居生活,,
DAZZLE,品牌服饰,,
小鹏汽车,其他,,
Lee,品牌服饰,,
醇鹿,教育培训,,
FION,鞋包配饰,,
达衣岩,品牌服饰,,
松鹤楼,美食餐饮,,
TREK&TRAVEL,品牌服饰,,
未来风暴,休闲娱乐,,
HS,品牌服饰,,
Under Armour,品牌服饰,,
小小运动馆,教育培训,,
海贼章鱼君,美食餐饮,,
Naturalizer,鞋包配饰,,
MYBODY,家居生活,,
ARC TERYX/Suunto/Salomon,品牌服饰,,
花悦庭,美食餐饮,,
MLB,品牌服饰,,
黑牛の店,美食餐饮,,
CiCi纤美,丽人美业,,
SWATCH,珠宝首饰,,
比特橙子,教育培训,,
唯美度,丽人美业,,
OVV,品牌服饰,,
大孚飞跃,鞋包配饰,,
Nice Claup,品牌服饰,,
NEW BALANCE,鞋包配饰,,
OCE,家居生活,,
阿吉豆,鞋包配饰,,
TOMMY HILFIGER,品牌服饰,,
纯汁味Pure fruity,休闲食品,,
耳语,鞋包配饰,,
美丽妈妈,丽人美业,,
AK CLUB KIDS,品牌服饰,,
上海哈尔滨食品厂,休闲食品,,
蔚来汽车,其他,,
曼哈顿海鲜自助餐,美食餐饮,,
点都德,美食餐饮,,
icarebyafloat,丽人美业,,
全家便利店,休闲食品,,
Monologue,珠宝首饰,,
YOUNGOR,品牌服饰,,
Salud冻酸奶,休闲食品,,
胡子大厨,美食餐饮,,
dzzit,品牌服饰,,
上海故事,鞋包配饰,,
杂物社,家居生活,,
Dr.Kong,婴幼儿童,,
Fred Perry,品牌服饰,,
布景,品牌服饰,,
卡乐星,美食餐饮,,
泸溪河,美食餐饮,,
和府捞面,美食餐饮,,
唐人吃面局,美食餐饮,,
马马地茶餐厅,美食餐饮,,
精悦蓉,美食餐饮,,
Mercedes-Benz 冠松之星,其他,,
周生生,珠宝首饰,,
太二酸菜鱼,美食餐饮,,
潮记1975点心专门店,美食餐饮,,
ubras,品牌服饰,,
BLT,家居生活,,
OTO,家居生活,,
SUPER MONKEY,休闲娱乐,,
椰庭,美食餐饮,,
海马体照相馆,家居生活,,
伊本造型,丽人美业,,
茶宗师,休闲食品,,
ECCO,鞋包配饰,,
韩宫宴,美食餐饮,,
久久丫,休闲食品,,
R&B巡茶,休闲食品,,
LACOSTE,品牌服饰,,
LEVIS,品牌服饰,,
屈臣氏,家居生活,,
点叶,休闲食品,,
糖纸,休闲食品,,
mannercoffee,休闲食品,,
爱婴室,婴幼儿童,,
Hotwind,鞋包配饰,,
TCH,品牌服饰,,
城市集市,美食餐饮,,
左庭右院,美食餐饮,,
champion,品牌服饰,,
皖香小菜园,美食餐饮,,
车微家,其他,,
面包新语,休闲食品,,
苏小柳,美食餐饮,,
名创优品,家居生活,,
ABUN,品牌服饰,,
19八3,家居生活,,
姚同楷,教育培训,,
趣抓,婴幼儿童,,
六福珠宝,珠宝首饰,,
两三事,品牌服饰,,
H&M,时尚精品,,
探炉烤鱼,美食餐饮,,
爱智优,婴幼儿童,,
芙蓉楼,美食餐饮,,
蛙小侠,美食餐饮,,
EMU（依妙）红玫瑰,品牌服饰,,
鱼乐海洋,婴幼儿童,,
sunion,数码电器,,
Kwr茶,美食餐饮,,
星巴克,美食餐饮,,
安莉芳,品牌服饰,,
萨莉亚,美食餐饮,,
老凤祥,珠宝首饰,,
启扬教育,教育培训,,
大脑地图,教育培训,,
汉堡王,美食餐饮,,
乐高活动中心,婴幼儿童,,
挞柠,美食餐饮,,
芭芭拉小天使,教育培训,,
欢乐小玩家,婴幼儿童,,
多喜满福城,美食餐饮,,
谭鸭血,美食餐饮,,
卢米埃影院,休闲娱乐,,
开饭,美食餐饮,,
小猪班纳,品牌服饰,,
美心西饼,美食餐饮,,
华为,数码电器,,
芭曲,丽人美业,,
AMASS,品牌服饰,,
永旺美思佰乐,超市,,
优衣库,时尚精品,,
肯德基,美食餐饮,,
诗美啦美肤科技体验馆,丽人美业,,
中国黄金,珠宝首饰,,
周大生,珠宝首饰,,
企鹅英语,教育培训,,
江渔儿,美食餐饮,,
adidas,品牌服饰,,
九田家黑牛烤肉,美食餐饮,,
卡帝乐鳄鱼,品牌服饰,,
服务台减免（南区）,美食餐饮,,
JU服饰,品牌服饰,,
赛乐联盟,婴幼儿童,,
欧包遇见茶,美食餐饮,,
奈瑞儿,丽人美业,,
大师兄,美食餐饮,,
小米之家,数码电器,,
伊丽汇,丽人美业,,
卡多多西餐厅,美食餐饮,,
DEAR DEER,品牌服饰,,
AdidasKids,品牌服饰,,
EMU（依妙）黄玫瑰,品牌服饰,,
新粤,美食餐饮,,
Y&M国际艺术,教育培训,,
安踏,品牌服饰,,
vivo,数码电器,,
绿茶,美食餐饮,,
朝阳财富广场充电桩,餐饮,,
中行,银行,,
店铺（虾）,美食餐厅,,
中国农业银行,银行,,
会议室,银行,,
车趣洗车店,生活服务,,
虾饺妹,美食餐厅,,
金吉鸟,健身房,,
招行,银行,,
哈艺,影院,,
大宁街道党建办,餐饮,,
合生、珠江投资,餐饮,,
鹅将,餐饮,,
超竞,餐饮,,
林怀,餐饮,,
大董,美食餐饮,,
余记,美食餐饮,,
沪上阿姨,美食餐饮,,
江南渔乡,美食餐饮,,
彩票站,品牌服饰,,
灰姑娘,美食餐饮,,
五道口枣糕王,美食餐饮,,
窑啊窑,美食餐饮,,
咂么味儿,美食餐饮,,
韩时烤肉,美食餐饮,,
香满园春饼,美食餐饮,,
丽家宝贝,婴幼儿童,,
汉翔书法,婴幼儿童,,
thegreenparty,品牌服饰,,
PUMUKO,品牌服饰,,
漫樱川町,美食餐饮,,
大地影院,休闲娱乐,,
潮汕古巷,美食餐饮,,
弘武搏击俱乐部,休闲娱乐,,
酷玩游义,婴幼儿童,,
乌巢比萨主义主题餐厅,美食餐饮,,
生灵奇境,婴幼儿童,,
安踏,品牌服饰,,
GNU弄咖啡,美食餐饮,,
中国黄金,品牌服饰,,
贡茶,美食餐饮,,
喜德仁少儿推拿,婴幼儿童,,
屈臣氏,美食餐饮,,
樊文花,品牌服饰,,
Hotwind,品牌服饰,,
栗记麦香坊,美食餐饮,,
NIKE,品牌服饰,,
好利来,美食餐饮,,
卡帝乐鳄鱼,品牌服饰,,
rise瑞思学科英语,婴幼儿童,,
保兴大药房,品牌服饰,,
Anta kids,婴幼儿童,,
艺术伞,婴幼儿童,,
熊小米,婴幼儿童,,
海澜之家,品牌服饰,,
京华,品牌服饰,,
BBface,婴幼儿童,,
至慧学堂,美食餐饮,,
悦汇同乐迪,休闲娱乐,,
雪乐山,婴幼儿童,,
一味一诚,美食餐饮,,
威康健身,休闲娱乐,,
华为生活馆,数码电器,,
山之川,美食餐饮,,
乐悠滋,婴幼儿童,,
色古伊人,品牌服饰,,
阿芮鸡爪,美食餐饮,,
酸菜鱼米线,美食餐饮,,
森林鸟,品牌服饰,,
佩霖美容会所,美食餐饮,,
新宜风尚,美食餐饮,,
明出教育,婴幼儿童,,
曼玲粥店,美食餐饮,,
进巍美甲,品牌服饰,,
龙门花甲,美食餐饮,,
纽约国际儿童,婴幼儿童,,
呷哺呷哺,美食餐饮,,
百味丸,美食餐饮,,
HI 小面,美食餐饮,,
唯品会,品牌服饰,,
吉姆大师傅,美食餐饮,,
我醉倔,美食餐饮,,
老凤祥,珠宝首饰,,
雪加,品牌服饰,,
鱼你在一起,美食餐饮,,
鱼鱿天下,美食餐饮,,
大鼓米线,美食餐饮,,
艺之蓝,品牌服饰,,
百丽,品牌服饰,,
小恒水饺,美食餐饮,,
波司登,品牌服饰,,
便利蜂,品牌服饰,,
vivo,品牌服饰,,
青蛙皇子,婴幼儿童,,
本宫的茶,美食餐饮,,
Balabala巴拉巴拉,婴幼儿童,,
魅力音符,婴幼儿童,,
水立坊,美食餐饮,,
麦瑰有约,美食餐饮,,
菜蜀蜀,美食餐饮,,
熊猫星厨,美食餐饮,,
CoCo 都可,美食餐饮,,
ONLY,品牌服饰,,
VERO MODA,品牌服饰,,
JACK&JONES,品牌服饰,,
进巍护肤,休闲娱乐,,
烟酒商行,品牌服饰,,
争鲜,美食餐饮,,
功夫派,婴幼儿童,,
阿迪达斯,品牌服饰,,
松山棉店,品牌服饰,,
川成元,美食餐饮,,
金豆角焖面,美食餐饮,,
金宝贝,婴幼儿童,,
谷斯妈妈,婴幼儿童,,
海底捞,美食餐饮,,
物美,超市,,
爱慕AíMER,品牌服饰,,
华夏银行,餐饮,,
瑞华口腔,餐饮,,
KK新时尚KTV,餐饮,,
维多利沐足,餐饮,,
商管物业部,餐饮,,
项目售楼部,餐饮,,
招商银行,餐饮,,
方雯瑾（中信银行）,餐饮,,
韩雯靖（中信银行）,餐饮,,
潘海杰（上海银行）,餐饮,,
顾睿琦（上海银行）,餐饮,,
周宇晶（上海银行）,餐饮,,
陈漪芳（上海银行）,餐饮,,
魏鹤洁（上海银行）,餐饮,,
赵晓怡（上海银行）,餐饮,,
陈文娟（上海银行）,餐饮,,
马茜（上海银行）,餐饮,,
曹明敏（上海银行）,餐饮,,
心享纯K,餐饮,,
宝燕海鲜,餐饮,,
龙庭,餐饮,,
测试,餐饮,,
广州酒家,餐饮,,
中国银行,餐饮,,
中国银行2,餐饮,,
中国银行3,餐饮,,
珠江国际大厦招商,餐饮,,
珠江国际大厦物业部,餐饮,,
美斯西餐厅,餐饮,,
美肌工坊,餐饮,,
美贝拉spa美容,餐饮,,
英孚教育,餐饮,,
同湘会,餐饮,,
德意美甲,餐饮,,
力德教育,餐饮,,
丝域,餐饮,,
SOSOCLUB,餐饮,,
艾涂图,餐饮,,
亚朵酒店,餐饮,,
静娇,餐饮,,
春宇,餐饮,,
好牛电子,餐饮,,
通策,餐饮,,
南郡,餐饮,,
木莲庄酒店,餐饮,,
鱼台食府,餐饮,,
工商银行,餐饮,,
建设银行,餐饮,,
名创优品,生活配套,,
美盒比萨,美食餐饮,,
永顺炸鸡,美食餐饮,,
领鲜大叔,美食餐饮,,
麻六甲,美食餐饮,,
烧r师,美食餐饮,,
云饵小市,美食餐饮,,
WARAWARA,美食餐饮,,
雕刻时光,美食餐饮,,
MR.VAPOR,美食餐饮,,
酒花深处,美食餐饮,,
WINETAIL,美食餐饮,,
PANDABUNNY,美食餐饮,,
铮酒馆,美食餐饮,,
川,美食餐饮,,
喵星球,美食餐饮,,
cup one,美食餐饮,,
ISH,美食餐饮,,
7月11日,生活配套,,
松子,美食餐饮,,
姐夫很面,美食餐饮,,
呷哺呷哺,美食餐饮,,
Vons,美食餐饮,,
鲸一食堂,美食餐饮,,
道酿,生活配套,,
La tercera,美食餐饮,,
极光私影,休闲娱乐,,
韩国魔王猪蹄,美食餐饮,,
喜茶,美食餐饮,,
汉堡王,美食餐饮,,
joy way,美食餐饮,,
物美,生活配套,,
魅KTV,休闲娱乐,,
大地影院,休闲娱乐,,
糖厂街,美食餐饮,,
张晶（负败健身）,生活配套,,
作.居酒屋,美食餐饮,,
VyouGirls,生活配套,,
有柴宠物（望京店）,生活配套,,
泊月湾,美食餐饮,,
松山棉店,生活配套,,
窝边草,美食餐饮,,
雨巷,生活配套,,
FEEL国际美容美发沙龙,生活配套,,
华为,生活配套,,
星巴克,美食餐饮,,
family,生活配套,,
辉佐,美食餐饮,,
辉佐家的饭,美食餐饮,,
喜家德虾仁水饺,美食餐饮,,
雪茄,生活配套,,
巴黎贝甜,美食餐饮,,
YOGORO咖哩,美食餐饮,,
江户前日料,美食餐饮,,
九片叶,美食餐饮,,
RELX,生活配套,,
四眼仔车仔面,美食餐饮,,
南锣肥猫,美食餐饮,,
牛汤哥,美食餐饮,,
站点披萨,美食餐饮,,
L&C,珠宝首饰,,
FIRE WORKS,美食餐饮,,
西南官话,美食餐饮,,
海马体照相馆,生活配套,,
紫齐百合,生活配套,,
呈安文画,生活配套,,
北京中天火炉火餐饮有限公司,美食餐饮,,
满满韩记枣糕,美食餐饮,,
大碗S,美食餐饮,,
梧槽豆花,美食餐饮,,
杂物社,生活配套,,
代字行,生活配套,,
赛德阳光,生活配套,,
渡娘火锅,美食餐饮,,
渝是乎,美食餐饮,,
茶汤李,美食餐饮,,
MINIPEACE,婴幼儿童,,
酷族街舞 Cool zone,教育培训,,
蚝英雄,美食餐饮,,
小鲜岛,美食餐饮,,
巧虎,婴幼儿童,,
VEROMODA,品牌服饰,,
极米,数码电器,,
代字行,生活配套,,
闹川,美食餐饮,,
Pandora,珠宝首饰,,
play lounge,品牌服饰,,
MilkT,美食餐饮,,
SUPERDRIVINGSCHOOL,婴幼儿童,,
Onitsuka tiger（OT）,品牌服饰,,
Asics,品牌服饰,,
VGOBYVICUTU,品牌服饰,,
GOFI迪士尼集合店,婴幼儿童,,
Pennines,品牌服饰,,
V’S,珠宝首饰,,
INSTYLE,丽人美业,,
鹿港小镇,美食餐饮,,
疯克大象,美食餐饮,,
特爱泰,美食餐饮,,
SKECHERSKids,婴幼儿童,,
aiimii,时尚精品,,
adidas,品牌服饰,,
jnbybyJNBY,婴幼儿童,,
森林鸟,品牌服饰,,
阿甘锅盔,美食餐饮,,
海马体照相馆,生活配套,,
GEMMO,品牌服饰,,
鱼品记,美食餐饮,,
喜家德虾仁水饺,美食餐饮,,
龙柒螺蛳粉,美食餐饮,,
海盗船,珠宝首饰,,
娄三少春饼,美食餐饮,,
JΛRLL,时尚精品,,
傲胜,生活配套,,
玩了,美食餐饮,,
MOFAN,时尚精品,,
新疆大盘鸡,美食餐饮,,
小时候的童年,生活配套,,
星巴克,美食餐饮,,
playABC,教育培训,,
GMYD光明园迪,教育培训,,
miomi,鞋包配饰,,
小天才,数码电器,,
大疆,生活配套,,
TR/BECA,时尚精品,,
6ixty8ight,生活配套,,
POPMART,时尚精品,,
Ellesse,品牌服饰,,
米源祥,美食餐饮,,
天福茗茶,生活配套,,
赶场子,美食餐饮,,
新辣道,美食餐饮,,
YeeHoo,婴幼儿童,,
SHINE萱子,珠宝首饰,,
艺术客,品牌服饰,,
19八3,时尚精品,,
KT夸特世界,生活配套,,
工长乐,美食餐饮,,
Mommy Q,婴幼儿童,,
串小贱,美食餐饮,,
优禾生活,生活配套,,
厝内小眷村,美食餐饮,,
多啦宝贝家庭影像馆,生活配套,,
烹然四季椰子鸡火锅,美食餐饮,,
CiCi纤美,丽人美业,,
BUILD A BEAR,婴幼儿童,,
邓老凉茶,美食餐饮,,
Eggogo,美食餐饮,,
醉面,美食餐饮,,
稻香村,美食餐饮,,
蛙蛙叫,美食餐饮,,
TISSOT,时尚精品,,
果然汁己,美食餐饮,,
虾小士,美食餐饮,,
LONGINES,时尚精品,,
FF,时尚精品,,
觅MILOUNGE,美食餐饮,,
周大福,珠宝首饰,,
CUCH,时尚精品,,
野人牧坊,美食餐饮,,
ECCO,时尚精品,,
泰兰尼斯TARANIS,婴幼儿童,,
ZARA,时尚精品,,
匠人牛品,美食餐饮,,
原心艺术工坊,教育培训,,
Moussy/Sly,时尚精品,,
果明治,美食餐饮,,
光明园迪,教育培训,,
RE-BLUE,时尚精品,,
Belle,时尚精品,,
鹅夫人,美食餐饮,,
tasty 西堤厚牛排,美食餐饮,,
星客多,丽人美业,,
笑西西肉夹馍研究所,美食餐饮,,
KKV,生活配套,,
星怡会,美食餐饮,,
橙意牛仔,美食餐饮,,
塔哈尔新疆盛宴,美食餐饮,,
奶奶的美食,美食餐饮,,
探鱼,美食餐饮,,
牛角Gyu-kaku,美食餐饮,,
全牛匠,美食餐饮,,
丸wuM,美食餐饮,,
玛雅铁板烧,美食餐饮,,
可隆,品牌服饰,,
天鹅湖畔,教育培训,,
卤西西,美食餐饮,,
阿芮鸡爪,美食餐饮,,
李嘉嘉,美食餐饮,,
超级驾驶学院,教育培训,,
一碗靓汤,美食餐饮,,
celano,时尚精品,,
鲸一食堂,美食餐饮,,
尤睿卡儿童乐园,生活配套,,
w崽,美食餐饮,,
奶茶嫁给粉,美食餐饮,,
宝岛眼镜,鞋包配饰,,
筑底食堂海鲜S,美食餐饮,,
李宁,品牌服饰,,
海豹航航,教育培训,,
特派卷,美食餐饮,,
CoCo 都可,美食餐饮,,
悦指间美甲&紧研研科技美肤,丽人美业,,
分米鸡、六感满足,美食餐饮,,
酷乐潮玩,生活配套,,
翻翻家,美食餐饮,,
AVIA,品牌服饰,,
WF+,时尚精品,,
哥弟+阿玛施,品牌服饰,,
章台柳铜锣烧,美食餐饮,,
智咖大师,美食餐饮,,
SALUD,美食餐饮,,
周生生,珠宝首饰,,
Lilynails,丽人美业,,
刀小蛮,美食餐饮,,
贝儿多爸爸の泡芙工房,美食餐饮,,
微密,生活配套,,
云海肴,美食餐饮,,
sparkle chips,美食餐饮,,
联想戴尔,数码电器,,
小米之家,数码电器,,
小确茶,美食餐饮,,
聚娇,丽人美业,,
IDO,珠宝首饰,,
星扒,美食餐饮,,
MY BODY,品牌服饰,,
the green party,品牌服饰,,
花塔罗,生活配套,,
LittleMO&Co.,婴幼儿童,,
艾涂图,教育培训,,
PIZZA MARZANO,美食餐饮,,
继光香香鸡,美食餐饮,,
Modfores,珠宝首饰,,
瑞贝卡Rebecca,时尚精品,,
卷时,美食餐饮,,
西贝莜面村,美食餐饮,,
lijiababy（丽家宝贝）,婴幼儿童,,
锦尚阁,美食餐饮,,
王老太,美食餐饮,,
猫舍良品,时尚精品,,
玩儿,美食餐饮,,
Swarovski,珠宝首饰,,
中信书店,生活配套,,
DQ&芳叔,美食餐饮,,
日置名媛,丽人美业,,
椰椰椰,美食餐饮,,
乐乐茶,美食餐饮,,
寰映影城,休闲娱乐,,
NEOLENS,鞋包配饰,,
落樱来仪,丽人美业,,
Ole’,超市,,
STRING,时尚精品,,
美吉姆,教育培训,,
TOMMY HILFIGER,时尚精品,,
ifidol,时尚精品,,
73Hours,鞋包配饰,,
新扎师兄,美食餐饮,,
LAVINIA,时尚精品,,
,美食餐饮,,
阿~面道,美食餐饮,,
崇尚美发,丽人美业,,
钻石小鸟,珠宝首饰,,
崇尚美甲,生活配套,,
西王爷,美食餐饮,,
咿道铁板烧,美食餐饮,,
杂物社,时尚精品,,
杨火老灶冷淡杯,美食餐饮,,
百里甜,美食餐饮,,
京天红,美食餐饮,,
181手工吐司,美食餐饮,,
尽膳口福跷脚牛肉,美食餐饮,,
粉麒麟,美食餐饮,,
霸唇脑馋粉,美食餐饮,,
牛汤哥,美食餐饮,,
喵多士,美食餐饮,,
奇淇玩宝,生活配套,,
星聚会,休闲娱乐,,
争鲜,美食餐饮,,
辣卤世家,美食餐饮,,
PONY EFFECT,丽人美业,,
爱咪欧,美食餐饮,,
3D-JP,生活配套,,
蔚来汽车,生活配套,,
hello功夫,教育培训,,
蛋先生,美食餐饮,,
翟门仙卤师,美食餐饮,,
Pop Mart,时尚精品,,
气味图书馆,时尚精品,,
撒椒,美食餐饮,,
胖哥俩肉蟹煲,美食餐饮,,
留夫鸭,美食餐饮,,
LeSaunda,鞋包配饰,,
ROOKIE,婴幼儿童,,
杨记兴臭鳜鱼,美食餐饮,,
服务台,生活配套,,
PEACEBIRDWOMEN,品牌服饰,,
PEACEBIRDMEN,品牌服饰,,
牛九分,美食餐饮,,
vans,品牌服饰,,
NEW BALANCE,品牌服饰,,
丝芙兰,香水彩妆,,
simonin,鞋包配饰,,
Ochirly,品牌服饰,,
Massimo Dutti,生活配套,,
zara home,时尚精品,,
OYSHO,时尚精品,,
讨喜烧,美食餐饮,,
Pull&Bear,时尚精品,,
BASICHouse,品牌服饰,,
戴森,时尚精品,,
卡雷拉,婴幼儿童,,
Maru 觅坞,美食餐饮,,
懒厨娘,美食餐饮,,
BOYLONDON,品牌服饰,,
举个栗子,美食餐饮,,
胡同儿老钱,美食餐饮,,
Kidsland,婴幼儿童,,
AIMERKIDS,婴幼儿童,,
爱美丽,生活配套,,
乐乐茶,美食餐饮,,
不托餐饮,美食餐饮,,
Anta kids,婴幼儿童,,
VJC,品牌服饰,,
PUKY,婴幼儿童,,
Adidas Kids,婴幼儿童,,
奢交圈,鞋包配饰,,
雷家,美食餐饮,,
飞鸟和新酒,时尚精品,,
英伦时光,美食餐饮,,
牛旺旺/探花鸡,美食餐饮,,
ARIOSE years,时尚精品,,
肆月河豚,美食餐饮,,
MURMUR,珠宝首饰,,
Ptattoo,生活配套,,
极光私影,休闲娱乐,,
海小姐的玫瑰饼,美食餐饮,,
飓风狗,美食餐饮,,
15mins,鞋包配饰,,
元宝甄糕,美食餐饮,,
汤城小厨,美食餐饮,,
到底儿米线,美食餐饮,,
OPPO,数码电器,,
功福咖小蹄大作,美食餐饮,,
卡莫生活,生活配套,,
小绿洲,教育培训,,
CASIO,时尚精品,,
INMIX,鞋包配饰,,
谭木匠,时尚精品,,
SAINT ANGELO（报喜鸟）,品牌服饰,,
真之牛,美食餐饮,,
霸蛮,美食餐饮,,
MLB,品牌服饰,,
hazzys,品牌服饰,,
和平巷干海椒抄手,美食餐饮,,
南锣肥猫,美食餐饮,,
Kid2Youth,婴幼儿童,,
杨梅红国际私立美校,教育培训,,
番茄口袋Qpokee,时尚精品,,
PAYAHAIR,丽人美业,,
STARTER,品牌服饰,,
Under Armour,品牌服饰,,
七爷,美食餐饮,,
broadcast播,品牌服饰,,
西树泡芙,美食餐饮,,
致得炸蛋,美食餐饮,,
盘子女人坊,生活配套,,
倍轻松,生活配套,,
Joy Kids,丽人美业,,
奇淇玩宝（中岛）,婴幼儿童,,
潮宏基,珠宝首饰,,
无敌家,美食餐饮,,
Cabbeen,品牌服饰,,
玩塾,生活配套,,
惠普,数码电器,,
木九十,鞋包配饰,,
TOREAD kids,婴幼儿童,,
UCOSY,生活配套,,
JNBY,品牌服饰,,
3CE,香水彩妆,,
绮妙冰淇淋,美食餐饮,,
奕彩乐园,生活配套,,
KIDS TOPIC,婴幼儿童,,
白木黑冰,时尚精品,,
主公主公,美食餐饮,,
可C可D,美食餐饮,,
mjstyle,生活配套,,
碟鲜,美食餐饮,,
YSL,香水彩妆,,
松山棉店,品牌服饰,,
:Chocoolate,品牌服饰,,
Shuuemura,香水彩妆,,
深度,生活配套,,
CALVIN KLEIN JEANS,品牌服饰,,
i.t（含Fred Perry）,品牌服饰,,
LANCOME,香水彩妆,,
Tenmiro,品牌服饰,,
CALVIN KLEIN PERFORMANE,品牌服饰,,
Izzue,品牌服饰,,
JINS,鞋包配饰,,
AAPE,品牌服饰,,
绳爷,生活配套,,
LILY,品牌服饰,,
四眼仔车仔面,美食餐饮,,
Will‘s,生活配套,,
太二,美食餐饮,,
火齐,美食餐饮,,
STACCATO,时尚精品,,
小火车,生活配套,,
TOREAD.X,品牌服饰,,
奥佳华,生活配套,,
LANO兰诺,时尚精品,,
名创优品miniso,生活配套,,
balabala,婴幼儿童,,
上野屋台,美食餐饮,,
^壹,美食餐饮,,
天美意,鞋包配饰,,
黑牛のj,美食餐饮,,
四云奶盖贡茶,美食餐饮,,
Lynn&Milo,婴幼儿童,,
Discovery,品牌服饰,,
一味一诚,美食餐饮,,
麦隆咖啡（mellower coffee）,美食餐饮,,
余记海鲜,美食餐饮,,
saucony,品牌服饰,,
海盗船,时尚精品,,
钻石世家,珠宝首饰,,
辉佐,美食餐饮,,
Dickies,品牌服饰,,
寿,美食餐饮,,
MO&Co.,品牌服饰,,
堂堂小伙夫,美食餐饮,,
优衣库,品牌服饰,,
结绳记,美食餐饮,,
巨匠,美食餐饮,,
四环冷面王,美食餐饮,,
HS,品牌服饰,,
本宫的茶,美食餐饮,,
Famecoco,时尚精品,,
简影,丽人美业,,
Mind Bridge,时尚精品,,
小鬼当佳,生活配套,,
CROCS,品牌服饰,,
拾烧,美食餐饮,,
TCH,品牌服饰,,
绝味鸭脖,美食餐饮,,
寻味潮汕米播,美食餐饮,,
天真蓝,生活配套,,
京华烟云,美食餐饮,,
满满元气枣糕,美食餐饮,,
G2000,品牌服饰,,
HEA,品牌服饰,,
我的酒,生活配套,,
京联,生活配套,,
屈臣氏,超市,,
夸特世界,生活配套,,
NSW.KICKS LOUNGE,品牌服饰,,
木北造型,丽人美业,,
一麻一辣、鲜果时光,美食餐饮,,
Tanni,时尚精品,,
Hotwind,生活配套,,
PUMA,品牌服饰,,
诗普琳,珠宝首饰,,
HONG,时尚精品,,
阿迪达斯 Neo,品牌服饰,,
cakeboss(B级),美食餐饮,,
costa,美食餐饮,,
FION,时尚精品,,
SZ名表维修服务中心&EXPOOL,生活配套,,
满记甜品,美食餐饮,,
锦府盐帮,美食餐饮,,
TC+R,珠宝首饰,,
伽百利Gabriel,时尚精品,,
DREAM  ROOM,数码电器,,
爱机百变,数码电器,,
愤怒大香肠,美食餐饮,,
麻辣澡堂,美食餐饮,,
藤原豆腐店,生活配套,,
汉堡王,美食餐饮,,
花样美腩,美食餐饮,,
爱贝,婴幼儿童,,
尚艺音乐艺术中心,婴幼儿童,,
幸福高尔夫,婴幼儿童,,
星世纪跆拳道,婴幼儿童,,
星宠荟(Petcary Outlets),生活配套,,
汉堡王精品,美食餐饮,,
人然合一,美食餐饮,,
上海馥兰朵医疗美容门诊部,生活配套,,
韩宫宴,美食餐饮,,
汕头牛基地火锅,美食餐饮,,
金宝贝,婴幼儿童,,
52week,生活配套,,
良品铺子,休闲食品,,
BELLE,鞋包配饰,,
德庄,美食餐饮,,
OPPO,数码电器,,
靓家居,家居生活,,
觉客,家居生活,,
倍轻松,数码电器,,
赛乐联盟,休闲娱乐,,
美宜佳,家居生活,,
Pop Mart,休闲娱乐,,
华为,数码电器,,
潮宏基,珠宝首饰,,
头号玩咖,休闲娱乐,,
大师兄,美食餐饮,,
伯顿,美食餐饮,,
优禾生活,家居生活,,
M+肌肤优化管理中心,美容美发,,
MY BODY,品牌服饰,,
谭木匠,鞋包配饰,,
达衣岩,品牌服饰,,
19八3,休闲娱乐,,
阿里之门,家居生活,,
萱子,鞋包配饰,,
六福珠宝,珠宝首饰,,
宝岛眼镜,鞋包配饰,,
钻石世家,珠宝首饰,,
POLO SPORT,品牌服饰,,
麻麻爱,美食餐饮,,
蛋仔小茶,休闲食品,,
都可,休闲食品,,
谷丁计画,品牌服饰,,
爱客,品牌服饰,,
URBAN REVIVO,品牌服饰,,
多走路,鞋包配饰,,
啊一柠,休闲食品,,
嘻饮力,休闲食品,,
腩潮鲜,美食餐饮,,
woyekids喔也童装,婴幼儿童,,
GXG,品牌服饰,,
苏铂超市,家居生活,,
LEVVV,品牌服饰,,
麦当劳,社区商业,,
世纪新壹,零售,,
商场专用,主力店,,
ILLYCAFFE,餐饮,,
华尔街英语,教育培训,,
新辣道,美食餐厅,,
小时候,生活配套,,
MOMMYQ,孕婴服饰,,
YeeHoo,孕婴服饰,,
优禾生活,生活配套,,
19八3,时尚精品,,
KT夸特世界,生活配套,,
多啦宝贝家庭影像馆,生活配套,,
橙意牛仔,美食餐厅,,
蛙蛙叫,美食餐厅,,
李嘉嘉,美食餐厅,,
虾小士,美食餐厅,,
鲸一食堂,美食餐厅,,
FolliFollie,美食餐厅,,
ZARA,时尚精品,,
匠人牛品,美食餐厅,,
日置名媛,美容美发,,
乐乐茶,美食餐厅,,
鹅夫人,美食餐厅,,
tasty 西堤厚牛排,美食餐厅,,
星怡会,美食餐厅,,
塔哈尔新疆盛宴,美食餐厅,,
戴森,时尚精品,,
探鱼,美食餐厅,,
牛角Gyu-kaku,美食餐厅,,
BOYLONDON,时尚休闲,,
玛雅铁板烧,美食餐厅,,
奢交圈,女士箱包,,
小吾厨房&原食日记,美食餐厅,,
MURMUR,女士饰品,,
尤睿卡儿童乐园,生活配套,,
Waterbabies 水孩子,儿童教育,,
丸米,美食餐厅,,
CoCo 都可,咖啡厅,,
YMM ART ACADEMY 杨梅红国际私立美校,教育培训,,
分米鸡、六感满足,美食餐厅,,
酷乐潮玩,生活配套,,
翻翻家,美食餐厅,,
WF+,时尚精品,,
刀小蛮,美食餐厅,,
云海肴,美食餐厅,,
小米之家,手机数码,,
天美意,女鞋,,
PIZZA MARZANO,美食餐厅,,
堂堂小伙夫,美食餐厅,,
西贝莜面村,美食餐厅,,
锦尚阁,美食餐厅,,
Bravokids,儿童玩具,,
巴黎贝甜,美食餐厅,,
唐炖小馆,美食餐厅,,
Swarovski,珠宝,,
中信书店,生活配套,,
便利蜂,超市,,
华尔街英语,教育培训,,
寰映影城,电影院,,
POPMART,时尚精品,,
邓老凉茶,咖啡厅,,
美吉姆,儿童教育,,
TOMMY HILFIGER,时尚精品,,
,美食餐厅,,
筑底食堂海鲜S,美食餐厅,,
崇尚美发,美容美发,,
悦指间美甲&紧研研科技美肤,美甲,,
尽膳口福跷脚牛肉,美食餐厅,,
牛汤哥,美食餐厅,,
星聚会,KTV,,
INMIX,眼镜,,
奕彩乐园,生活配套,,
撒椒,美食餐厅,,
胖哥俩肉蟹煲,美食餐厅,,
杨记兴臭鳜鱼,美食餐厅,,
碟鲜,美食餐厅,,
烟波洞庭,美食餐厅,,
丝芙兰,化妆品,,
SunTomorrow,儿童服饰,,
Massimo Dutti,生活配套,,
zara home,时尚精品,,
OYSHO,时尚精品,,
NSW.KICKS LOUNGE,运动服饰,,
Pull&Bear,时尚精品,,
Maru 觅坞,美食餐厅,,
举个栗子,美食餐厅,,
星巴克,美食餐厅,,
乐乐茶,美食餐厅,,
骨气鼓气,21区BLOCK,,
Anta kids,儿童服饰,,
极光私影,电影院,,
Ellesse,运动服饰,,
肆月河豚,美食餐厅,,
SHINE萱子,女士饰品,,
小辉哥,美食餐厅,,
汤城小厨,美食餐厅,,
卡莫生活,生活配套,,
小绿洲,儿童教育,,
真之牛,美食餐厅,,
FF,时尚精品,,
CUCH,时尚精品,,
ECCO,时尚精品,,
Moussy/Sly,时尚精品,,
Belle,时尚精品,,
笑西西肉夹馍研究所,21区BLOCK,,
可隆,户外休闲,,
李宁,运动服饰,,
四眼仔车仔面,美食餐厅,,
倍轻松,生活配套,,
潮宏基,珠宝,,
上野屋台,美食餐厅,,
霸蛮,21区BLOCK,,
mjstyle,生活配套,,
Under Armour,运动服饰,,
:Chocoolate,时尚休闲,,
CALVIN KLEIN JEANS,时尚休闲,,
i.t（含Fred Perry）,时尚休闲,,
CALVIN KLEIN PERFORMANE,时尚休闲,,
Izzue,时尚休闲,,
AAPE,时尚休闲,,
Will‘s,生活配套,,
balabala,儿童服饰,,
阿甘锅盔,美食餐厅,,
Discovery,户外休闲,,
YSL,化妆品,,
余记海鲜,美食餐厅,,
Shuuemura,化妆品,,
LANCOME,化妆品,,
小火车,生活配套,,
辉佐,美食餐厅,,
优衣库,户外休闲,,
巨匠,美食餐厅,,
本宫的茶,咖啡厅,,
寻味潮汕米播,21区BLOCK,,
京华烟云,美食餐厅,,
小鬼当佳,生活配套,,
HEA,时尚休闲,,
Village11Factory,化妆品,,
代字行,生活配套,,
Pennines,运动服饰,,
疯克大象,美食餐厅,,
鱼品记,21区BLOCK,,
屈臣氏,超市,,
夸特世界,生活配套,,
Hotwind,生活配套,,
巧虎,儿童玩具,,
6ixty8ight,生活配套,,
赶场子,美食餐厅,,
costa,咖啡厅,,
果明治,美食餐厅,,
KKV,生活配套,,
锦府盐帮,美食餐厅,,
AVIA,户外休闲,,
渡娘火锅,美食餐厅,,
周生生,珠宝,,
瑞贝卡Rebecca,时尚精品,,
蚝英雄,美食餐厅,,
ifidol,时尚精品,,
新扎师兄,美食餐厅,,
play lounge,时尚休闲,,
百里甜,咖啡厅,,
181手工吐司,美食餐厅,,
粉麒麟,美食餐厅,,
点滴烧烤,美食餐厅,,
喵多士,美食餐厅,,
3D-JP,生活配套,,
鹿港小镇,美食餐厅,,
特爱泰,美食餐厅,,
留夫鸭,美食餐厅,,
服务台,生活配套,,
烹然四季椰子鸡火锅,美食餐厅,,
PEACEBIRDWOMEN,时尚休闲,,
PEACEBIRDMEN,时尚休闲,,
奶茶嫁给粉,美食餐厅,,
森林鸟,时尚休闲,,
BASICHouse,时尚休闲,,
不托餐饮,美食餐厅,,
傲胜,生活配套,,
mannings 万宁,超市,,
简影,美容美发,,
G2000,时尚休闲,,
playABC,教育培训,,
麦隆咖啡（mellower coffee）,咖啡厅,,
渡娘火锅,美食餐饮,,
渡娘火锅,美食餐饮,,
渝是乎,美食餐饮,,
mini peace,婴幼儿童,,
酷族街舞 Cool zone,教育培训,,
蚝英雄,美食餐饮,,
小鲜岛,美食餐饮,,
巧虎,婴幼儿童,,
VEROMODA,品牌服饰,,
极米,数码电器,,
代字行,生活配套,,
闹川,美食餐饮,,
Pandora,珠宝首饰,,
MilkT,美食餐饮,,
SUPERDRIVINGSCHOOL,婴幼儿童,,
Onitsuka tiger（OT）,品牌服饰,,
ROCOCO,品牌服饰,,
DR.Martens,鞋包配饰,,
Asics,品牌服饰,,
VGO BY VICUTU,品牌服饰,,
三烧&吴家铺,美食餐饮,,
GOFI迪士尼集合店,婴幼儿童,,
呷哺呷哺,美食餐饮,,
bosie,品牌服饰,,
V’S,珠宝首饰,,
IN STYLE,丽人美业,,
鹿港小镇,美食餐饮,,
嗨大象,美食餐饮,,
特爱泰,美食餐饮,,
LAMY,时尚精品,,
SKECHERS Kids,婴幼儿童,,
WAZI WAZI,时尚精品,,
aiimii,时尚精品,,
adidas Originals,品牌服饰,,
jnby by JNBY,婴幼儿童,,
森林鸟,品牌服饰,,
见味,美食餐饮,,
阿甘锅盔,美食餐饮,,
GEMMO,品牌服饰,,
鱼品记,美食餐饮,,
喜家德虾仁水饺,美食餐饮,,
TONI & GUY汤尼英盖,丽人美业,,
龙柒螺蛳粉,美食餐饮,,
海盗船,珠宝首饰,,
娄三少春饼,美食餐饮,,
JΛRLL,时尚精品,,
傲胜,生活配套,,
LUSANLE,丽人美业,,
菜百首饰,珠宝首饰,,
挚爱珠宝,珠宝首饰,,
玩了,美食餐饮,,
Sweet color,鞋包配饰,,
燕之屋,生活配套,,
面屋雪风,美食餐饮,,
MOFAN,时尚精品,,
大碗S,美食餐饮,,
GXG,品牌服饰,,
海马体照相馆,生活配套,,
小时候的童年,生活配套,,
星巴克,美食餐饮,,
U鼎冒菜,美食餐饮,,
鱼鱿天下,美食餐饮,,
aojo,鞋包配饰,,
SPRAYGROUND,品牌服饰,,
playABC,教育培训,,
Timberland,品牌服饰,,
GMYD光明园迪,教育培训,,
正新鸡排,美食餐饮,,
文和友,美食餐饮,,
要莱早莱鲽鱼头,美食餐饮,,
erdos kids,婴幼儿童,,
阪枝屋,美食餐饮,,
miomi,鞋包配饰,,
小天才,数码电器,,
福前小酥肉,美食餐饮,,
勒巷A,美食餐饮,,
西少爷,美食餐饮,,
大疆,生活配套,,
TR/BECA,时尚精品,,
6ixty8ight,生活配套,,
速写,品牌服饰,,
POPMART,时尚精品,,
Ellesse,品牌服饰,,
米源祥,美食餐饮,,
完美日记PERFECT DIARY,香水彩妆,,
天福茗茶,生活配套,,
赶场子,美食餐饮,,
tiny tanni,婴幼儿童,,
新辣道,美食餐饮,,
YeeHoo,婴幼儿童,,
M.Latin,婴幼儿童,,
蔚来汽车,生活配套,,
SHINE萱子,珠宝首饰,,
小象Q比,婴幼儿童,,
半川,美食餐饮,,
周黑鸭,美食餐饮,,
19八3,时尚精品,,
亲爱的锅包YOU,美食餐饮,,
ROCK&RIDE,时尚精品,,
KT夸特世界,生活配套,,
海鲜君,美食餐饮,,
工长乐,美食餐饮,,
DanielWellington,生活配套,,
Mommy Q,婴幼儿童,,
丰甓荆l,美食餐饮,,
优禾生活,生活配套,,
Levis,品牌服饰,,
厝内小眷村,美食餐饮,,
TOPAZIO,珠宝首饰,,
聚宝源,美食餐饮,,
多啦宝贝家庭影像馆,生活配套,,
烹然四季椰子鸡火锅,美食餐饮,,
悠可可,美食餐饮,,
CiCi纤美,丽人美业,,
BUILD A BEAR,婴幼儿童,,
邓老凉茶,美食餐饮,,
Eggogo,美食餐饮,,
一撇一捺,珠宝首饰,,
醉面,美食餐饮,,
稻香村,美食餐饮,,
蛙蛙叫,美食餐饮,,
TISSOT,时尚精品,,
果然汁己,美食餐饮,,
梨解,美食餐饮,,
暴龙眼镜,鞋包配饰,,
LACOSTE,品牌服饰,,
虾小士,美食餐饮,,
LONGINES,时尚精品,,
FF,时尚精品,,
FILA FUSION,品牌服饰,,
周大福,珠宝首饰,,
CUCH,时尚精品,,
Les enphants,婴幼儿童,,
野人牧坊,美食餐饮,,
ECCO,时尚精品,,
泰兰尼斯TARANIS,婴幼儿童,,
ZARA,时尚精品,,
VIVO,数码电器,,
匠人牛品,美食餐饮,,
原心艺术工坊,教育培训,,
Moussy/Sly,时尚精品,,
果明治,美食餐饮,,
光明园迪,教育培训,,
RE-BLUE,时尚精品,,
Belle,时尚精品,,
鹅夫人,美食餐饮,,
tasty 西堤厚牛排,美食餐饮,,
星客多,丽人美业,,
笑西西肉夹馍研究所,美食餐饮,,
KKV,生活配套,,
星怡会,美食餐饮,,
橙意牛仔,美食餐饮,,
周大生,珠宝首饰,,
型男美蛙,美食餐饮,,
塔哈尔新疆盛宴,美食餐饮,,
奶奶的美食,美食餐饮,,
手表维修,生活配套,,
探鱼,美食餐饮,,
牛角Gyu-kaku,美食餐饮,,
全牛匠,美食餐饮,,
丸wuM,美食餐饮,,
玛雅铁板烧,美食餐饮,,
爱彼元气,生活配套,,
可隆,品牌服饰,,
天鹅湖畔,教育培训,,
卤西西,美食餐饮,,
阿芮鸡爪,美食餐饮,,
李嘉嘉,美食餐饮,,
一碗靓汤,美食餐饮,,
celano,时尚精品,,
鲸一食堂,美食餐饮,,
HAIROLGY丝域养发,丽人美业,,
失重餐厅,美食餐饮,,
尤睿卡儿童乐园,生活配套,,
w崽,美食餐饮,,
奶茶嫁给粉,美食餐饮,,
宝岛眼镜,鞋包配饰,,
筑底食堂海鲜S,美食餐饮,,
眉毛先生,生活配套,,
李宁,品牌服饰,,
海豹航航,教育培训,,
特派卷,美食餐饮,,
五层互动,休闲娱乐,,
CoCo 都可,美食餐饮,,
悦指间美甲&紧研研科技美肤,丽人美业,,
分米鸡、六感满足,美食餐饮,,
泰香米,美食餐饮,,
酷乐潮玩,生活配套,,
翻翻家,美食餐饮,,
AVIA,品牌服饰,,
WF+,时尚精品,,
哥弟+阿玛施,品牌服饰,,
章台柳铜锣烧,美食餐饮,,
SALUD,美食餐饮,,
周生生,珠宝首饰,,
煲仔皇,美食餐饮,,
Lily nails,丽人美业,,
BA饰物局,时尚精品,,
刀小蛮,美食餐饮,,
贝儿多爸爸の泡芙工房,美食餐饮,,
微密,生活配套,,
罗酥肉,美食餐饮,,
云海肴,美食餐饮,,
sparkle chips,美食餐饮,,
联想戴尔,数码电器,,
小米之家,数码电器,,
小确茶,美食餐饮,,
聚娇美甲,丽人美业,,
I Do,珠宝首饰,,
星扒,美食餐饮,,
MY BODY,品牌服饰,,
the green party,品牌服饰,,
花塔罗,生活配套,,
LittleMO&Co.,婴幼儿童,,
艾涂图,教育培训,,
PIZZA MARZANO,美食餐饮,,
川式炸匠铺红小六,美食餐饮,,
Modfores,珠宝首饰,,
瑞贝卡Rebecca,时尚精品,,
卷时,美食餐饮,,
西贝莜面村,美食餐饮,,
lijiababy（丽家宝贝）,婴幼儿童,,
锦尚阁,美食餐饮,,
王老太,美食餐饮,,
猫舍良品,时尚精品,,
玩儿,美食餐饮,,
Swarovski,珠宝首饰,,
Hair Code,丽人美业,,
中信书店,生活配套,,
DQ&芳叔,美食餐饮,,
日置名媛,丽人美业,,
椰椰椰,美食餐饮,,
乐乐茶,美食餐饮,,
小鹏汽车,生活配套,,
寰映影城,休闲娱乐,,
NEO LENS,鞋包配饰,,
落樱来仪,丽人美业,,
Olé 精品超市,超市,,
STRING,时尚精品,,
美吉姆,教育培训,,
TOMMY HILFIGER,时尚精品,,
ifidol,时尚精品,,
73Hours,鞋包配饰,,
新扎师兄,美食餐饮,,
LAVINIA,时尚精品,,
,美食餐饮,,
FILA,品牌服饰,,
阿~面道,美食餐饮,,
崇尚美发,丽人美业,,
钻石小鸟,珠宝首饰,,
崇尚美甲,生活配套,,
西王爷,美食餐饮,,
又觅铜锣烧,美食餐饮,,
咿道铁板烧,美食餐饮,,
杂物社,生活配套,,
BASTO,鞋包配饰,,
Champion,品牌服饰,,
百里甜,美食餐饮,,
京天红,美食餐饮,,
181手工吐司,美食餐饮,,
NIKE,品牌服饰,,
尽膳口福跷脚牛肉,美食餐饮,,
cuneiform,时尚精品,,
CONVERSE,品牌服饰,,
霸唇脑馋粉,美食餐饮,,
TATA,鞋包配饰,,
牛汤哥,美食餐饮,,
喵多士,美食餐饮,,
奇淇玩宝,生活配套,,
星聚会,休闲娱乐,,
争鲜,美食餐饮,,
辣卤世家,美食餐饮,,
PONY EFFECT,丽人美业,,
爱咪欧,美食餐饮,,
3D-JP,生活配套,,
蔚来汽车,生活配套,,
hello功夫,教育培训,,
蛋先生,美食餐饮,,
华为（43B）,数码电器,,
翟门仙卤师,美食餐饮,,
Pop Mart,时尚精品,,
气味图书馆,时尚精品,,
华为（43A/46）,数码电器,,
撒椒,美食餐饮,,
胖哥俩肉蟹煲,美食餐饮,,
LeSaunda,鞋包配饰,,
YOYOALWAYS,时尚精品,,
ROOKIE,婴幼儿童,,
杨记兴臭鳜鱼,美食餐饮,,
wagas,美食餐饮,,
PEACEBIRDWOMEN,品牌服饰,,
布歌东京,美食餐饮,,
汉拿山石锅拌饭,美食餐饮,,
PEACEBIRDMEN,品牌服饰,,
鱼小士,美食餐饮,,
郡王府,美食餐饮,,
牛九分,美食餐饮,,
咏巷炸鸡,美食餐饮,,
vans,品牌服饰,,
FLOWER NINE,婴幼儿童,,
NEW BALANCE,品牌服饰,,
EVISUKURO,品牌服饰,,
丝芙兰,香水彩妆,,
simonin,鞋包配饰,,
Ochirly,品牌服饰,,
Massimo Dutti,生活配套,,
zara home,时尚精品,,
OYSHO,时尚精品,,
讨喜烧,美食餐饮,,
FILA KIDS,婴幼儿童,,
LMOR,珠宝首饰,,
同仁堂,生活配套,,
BASICHouse,品牌服饰,,
戴森,时尚精品,,
卡雷拉,婴幼儿童,,
Maru 觅坞,美食餐饮,,
懒厨娘,美食餐饮,,
BOYLONDON,品牌服饰,,
举个栗子,美食餐饮,,
胡同儿老钱,美食餐饮,,
Kidsland,婴幼儿童,,
AIMERKIDS,婴幼儿童,,
ONLY,品牌服饰,,
爱美丽,生活配套,,
乐乐茶,美食餐饮,,
HEFANG,时尚精品,,
ANTA,品牌服饰,,
不托餐饮,美食餐饮,,
Anta kids,婴幼儿童,,
朕五味鲜烫,美食餐饮,,
VJC,品牌服饰,,
PUKY,婴幼儿童,,
雅戈尔,品牌服饰,,
Adidas Kids,婴幼儿童,,
奢交圈,鞋包配饰,,
雷家,美食餐饮,,
飞鸟和新酒,时尚精品,,
英伦时光,美食餐饮,,
牛旺旺/探花鸡,美食餐饮,,
ARIOSE years,时尚精品,,
肆月河豚,美食餐饮,,
MURMUR,珠宝首饰,,
Ptattoo,生活配套,,
极光私影,休闲娱乐,,
海小姐的玫瑰饼,美食餐饮,,
椒爱,美食餐饮,,
KINGBABY,时尚精品,,
15mins,鞋包配饰,,
元宝甄糕,美食餐饮,,
汤城小厨,美食餐饮,,
爱阅家,教育培训,,
到底儿米线,美食餐饮,,
OPPO,数码电器,,
功福咖小蹄大作,美食餐饮,,
卡莫生活,生活配套,,
小绿洲,教育培训,,
INMIX,鞋包配饰,,
谭木匠,时尚精品,,
SAINT ANGELO（报喜鸟）,品牌服饰,,
真之牛,美食餐饮,,
霸蛮,美食餐饮,,
MLB,品牌服饰,,
hazzys,品牌服饰,,
和平巷干海椒抄手,美食餐饮,,
南锣肥猫,美食餐饮,,
Kid2Youth,婴幼儿童,,
七吉力,美食餐饮,,
杨梅红国际私立美校,教育培训,,
番茄口袋Qpokee,时尚精品,,
The North Face,品牌服饰,,
PAYA HAIR,丽人美业,,
KAILAS,品牌服饰,,
STARTER,品牌服饰,,
觅上,珠宝首饰,,
Under Armour,品牌服饰,,
七爷,美食餐饮,,
broadcast播,品牌服饰,,
西树泡芙,美食餐饮,,
致得炸蛋,美食餐饮,,
薯香咕噜,美食餐饮,,
小天才&步步高,数码电器,,
CASIO,时尚精品,,
文和友,美食餐饮,,
盘子女人坊,生活配套,,
周大福,珠宝首饰,,
福记茶楼,美食餐饮,,
倍轻松,生活配套,,
廖记棒棒鸡,美食餐饮,,
Joy Kids,丽人美业,,
奇淇玩宝（中岛）,婴幼儿童,,
潮宏基,珠宝首饰,,
无敌家,美食餐饮,,
薯梨饱,美食餐饮,,
Cabbeen,品牌服饰,,
玩塾,生活配套,,
东田越南粉,美食餐饮,,
惠普,数码电器,,
木九十,鞋包配饰,,
TOREAD kids,婴幼儿童,,
UCOSY,生活配套,,
SELECTED,品牌服饰,,
JNBY,品牌服饰,,
3CE,香水彩妆,,
绮妙冰淇淋,美食餐饮,,
奕彩乐园,生活配套,,
KIDS TOPIC,婴幼儿童,,
白木黑冰,时尚精品,,
主公主公,美食餐饮,,
可C可D,美食餐饮,,
mjstyle,生活配套,,
THE NORTH FACE黑标,品牌服饰,,
哈根达斯,美食餐饮,,
碟鲜,美食餐饮,,
YSL,香水彩妆,,
松山棉店,品牌服饰,,
:Chocoolate,品牌服饰,,
Shuuemura,香水彩妆,,
深度,生活配套,,
CALVIN KLEIN JEANS,品牌服饰,,
i.t（含Fred Perry）,品牌服饰,,
LANCOME,香水彩妆,,
Tenmiro,品牌服饰,,
POOCON,香水彩妆,,
CALVIN KLEIN PERFORMANE,品牌服饰,,
Izzue,品牌服饰,,
JINS,鞋包配饰,,
AAPE,品牌服饰,,
绳爷,生活配套,,
LILY,品牌服饰,,
四眼仔车仔面,美食餐饮,,
零度,品牌服饰,,
Will‘s,生活配套,,
gb,婴幼儿童,,
太二,美食餐饮,,
NBA kids,婴幼儿童,,
火齐,美食餐饮,,
STACCATO,时尚精品,,
小火车,生活配套,,
TOREAD.X,品牌服饰,,
奥佳华,生活配套,,
LANO兰诺,时尚精品,,
名创优品miniso,生活配套,,
balabala,婴幼儿童,,
上野屋台,美食餐饮,,
^壹,美食餐饮,,
天美意,鞋包配饰,,
黑牛のj,美食餐饮,,
四云奶盖贡茶,美食餐饮,,
Lynn&Milo,婴幼儿童,,
Discovery,品牌服饰,,
一味一诚,美食餐饮,,
余记海鲜,美食餐饮,,
saucony,品牌服饰,,
海盗船,时尚精品,,
GLORIA歌莉娅,时尚精品,,
钻石世家,珠宝首饰,,
initial,时尚精品,,
MichaelKors,时尚精品,,
辉佐,美食餐饮,,
Dickies,品牌服饰,,
寿,美食餐饮,,
华歌尔,时尚精品,,
MO&Co.,品牌服饰,,
李宁YOUTH,婴幼儿童,,
堂堂小伙夫,美食餐饮,,
优衣库,品牌服饰,,
结绳记,美食餐饮,,
爱慕AíMER,时尚精品,,
于小,美食餐饮,,
巨匠,美食餐饮,,
鹿角巷,美食餐饮,,
四环冷面王,美食餐饮,,
HS,时尚精品,,
本宫的茶,美食餐饮,,
Famecoco,时尚精品,,
简影,丽人美业,,
Mind Bridge,时尚精品,,
RIOTLILY,时尚精品,,
吉姆大师傅,美食餐饮,,
小鬼当佳,生活配套,,
CROCS,品牌服饰,,
拾烧,美食餐饮,,
Joy&Peace,鞋包配饰,,
ENZO,珠宝首饰,,
TCH,品牌服饰,,
MAXRIENY,时尚精品,,
池田寿司,美食餐饮,,
洋桥排骨,美食餐饮,,
绝味鸭脖,美食餐饮,,
茶太良品,美食餐饮,,
DIOR,香水彩妆,,
寻味潮汕米播,美食餐饮,,
ig,品牌服饰,,
天真蓝,生活配套,,
京华烟云,美食餐饮,,
满满元气枣糕,美食餐饮,,
JACK&JONES,品牌服饰,,
G2000,品牌服饰,,
HEA,品牌服饰,,
我的酒,生活配套,,
Bouthentique,品牌服饰,,
屈臣氏,超市,,
夸特世界,生活配套,,
KICKS LOUNGE,品牌服饰,,
木北造型,丽人美业,,
一麻一辣、鲜果时光,美食餐饮,,
Tanni,时尚精品,,
Hotwind,生活配套,,
CLARINS娇韵诗,香水彩妆,,
PUMA,品牌服饰,,
诗普琳,珠宝首饰,,
和森易贡茶,美食餐饮,,
HONG,时尚精品,,
阿迪达斯 Neo,品牌服饰,,
咖喱虎,美食餐饮,,
cakeboss(B级),美食餐饮,,
VIVINEVO,时尚精品,,
阿迪达斯 ADIDAS,品牌服饰,,
costa,美食餐饮,,
FION,时尚精品,,
糖衣娃娃,美食餐饮,,
SZ名表维修服务中心&EXPOOL,生活配套,,
满记甜品,美食餐饮,,
牛侍,美食餐饮,,
沉浸世界,美食餐饮,,
锦府盐帮,美食餐饮,,
TC+R,珠宝首饰,,
伽百利Gabriel,时尚精品,,
SKECHERS,品牌服饰,,
K22酸奶草莓,美食餐饮,,
DREAM  ROOM,数码电器,,
爱机百变,数码电器,,
愤怒大香肠,美食餐饮,,
粉逗螺,美食餐饮,,
麻辣澡堂,美食餐饮,,
渡娘火锅,美食餐饮,,
渝是乎,美食餐饮,,
mini peace,婴幼儿童,,
酷族街舞 Cool zone,教育培训,,
蚝英雄,美食餐饮,,
小鲜岛,美食餐饮,,
巧虎,婴幼儿童,,
VEROMODA,品牌服饰,,
极米,数码电器,,
代字行,生活配套,,
闹川,美食餐饮,,
Pandora,珠宝首饰,,
MilkT,美食餐饮,,
SUPERDRIVINGSCHOOL,婴幼儿童,,
Onitsuka tiger（OT）,品牌服饰,,
ROCOCO,品牌服饰,,
DR.Martens,鞋包配饰,,
Asics,品牌服饰,,
VGO BY VICUTU,品牌服饰,,
三烧&吴家铺,美食餐饮,,
GOFI迪士尼集合店,婴幼儿童,,
呷哺呷哺,美食餐饮,,
bosie,品牌服饰,,
V’S,珠宝首饰,,
IN STYLE,丽人美业,,
鹿港小镇,美食餐饮,,
嗨大象,美食餐饮,,
特爱泰,美食餐饮,,
LAMY,时尚精品,,
SKECHERS Kids,婴幼儿童,,
WAZI WAZI,时尚精品,,
aiimii,时尚精品,,
adidas Originals,品牌服饰,,
jnby by JNBY,婴幼儿童,,
森林鸟,品牌服饰,,
见味,美食餐饮,,
阿甘锅盔,美食餐饮,,
GEMMO,品牌服饰,,
鱼品记,美食餐饮,,
喜家德虾仁水饺,美食餐饮,,
龙柒螺蛳粉,美食餐饮,,
海盗船,珠宝首饰,,
娄三少春饼,美食餐饮,,
JΛRLL,时尚精品,,
傲胜,生活配套,,
LUSANLE,丽人美业,,
菜百首饰,珠宝首饰,,
挚爱珠宝,珠宝首饰,,
,,,
,,,
,,,
,,,
,,,
,,,
,,,
,,,
,,,
,,,
,,,
,,,
,,,
,,,
,,,
,,,
,,,
,,,
,,,
,,,
,,,
,,,
,,,
,,,
,,,
,,,
,,,
,,,
,,,
,,,
,,,
,,,
,,,
,,,
,,,
,,,
,,,
,,,
,,,
,,,
,,,
,,,
,,,
,,,
,,,
,,,
,,,
,,,
,,,
,,,
,,,
,,,
,,,
,,,
,,,
,,,
,,,
,,,
,,,
,,,
,,,
,,,
,,,
,,,
,,,
,,,
,,,
,,,
,,,
,,,
,,,
,,,
,,,
,,,
,,,
,,,
,,,
,,,
,,,
,,,
,,,
,,,
,,,
,,,
,,,
,,,
,,,
,,,
,,,
,,,
,,,
,,,
,,,
,,,
,,,
,,,
,,,
,,,
,,,
,,,
,,,
,,,
,,,
,,,
,,,
,,,
,,,
,,,
,,,
,,,
,,,
,,,
,,,
,,,
,,,
,,,
,,,
,,,
,,,
,,,
,,,
,,,
,,,
,,,
,,,
,,,
,,,
,,,
,,,
,,,
,,,
,,,
,,,
,,,
,,,
,,,
,,,
,,,
,,,
,,,
,,,
,,,
,,,
,,,
,,,
,,,
,,,
,,,
,,,
,,,
,,,
,,,
,,,
,,,
,,,
,,,
,,,
,,,
,,,
,,,
,,,
,,,
,,,
,,,
,,,
,,,
,,,
,,,
,,,
,,,
,,,
,,,
,,,
,,,
,,,
,,,
,,,
,,,
,,,
,,,
,,,
,,,
,,,
,,,
,,,
,,,
,,,
,,,
,,,
,,,
,,,
,,,
,,,
,,,
,,,
,,,
,,,
,,,
,,,
,,,
,,,
,,,
,,,
,,,
,,,
,,,
,,,
,,,
,,,
,,,
,,,
,,,
,,,
,,,
,,,
,,,
,,,
,,,
,,,
,,,
,,,
,,,
,,,
,,,
,,,
,,,
,,,
,,,
,,,
,,,
,,,
,,,
,,,
,,,
,,,
,,,
,,,
,,,
,,,
,,,
,,,
,,,
,,,
,,,
,,,
,,,
,,,
,,,
,,,
,,,
,,,
,,,
,,,
,,,
,,,
,,,
,,,
,,,
,,,
,,,
,,,
,,,
,,,
,,,
,,,
,,,
,,,
,,,
,,,
,,,
,,,
,,,
,,,
,,,
,,,
,,,
,,,
,,,
,,,
,,,
,,,
,,,
,,,
,,,
,,,
,,,
,,,
,,,
,,,
,,,
,,,
,,,
,,,
,,,
,,,
,,,
,,,
,,,
,,,
,,,
,,,
,,,
,,,
,,,
,,,
,,,
,,,
,,,
,,,
,,,
,,,
,,,
,,,
,,,
,,,
,,,
,,,
,,,
,,,
,,,
,,,
,,,
,,,
,,,
,,,
,,,
,,,
,,,
,,,
,,,
,,,
,,,
,,,
,,,
,,,
,,,
,,,
,,,
,,,
,,,
,,,
,,,
,,,
,,,
,,,
,,,
,,,
,,,
,,,
,,,
,,,
,,,
,,,
,,,
,,,
,,,
,,,
,,,
,,,
,,,
,,,
,,,
,,,
,,,
,,,
,,,
,,,
,,,
,,,
,,,
,,,
,,,
,,,
,,,
,,,
,,,
,,,
,,,
,,,
,,,
,,,
,,,
,,,
,,,
,,,
,,,
,,,
,,,
,,,
,,,
,,,
,,,
,,,
,,,
,,,
,,,
,,,
,,,
,,,
,,,
,,,
,,,
,,,
,,,
,,,
,,,
,,,
,,,
,,,
,,,
,,,
,,,
,,,
,,,
,,,
,,,
,,,
,,,
,,,
,,,
,,,
,,,
,,,
,,,
,,,
,,,
,,,
,,,
,,,
,,,
,,,
,,,
,,,
,,,
,,,
,,,
,,,
,,,
,,,
,,,
,,,
,,,
,,,
,,,
,,,
,,,
,,,
,,,
,,,
,,,
,,,
,,,
,,,
,,,
,,,
,,,
,,,
,,,
,,,
,,,
,,,
,,,
,,,
,,,
,,,
,,,
,,,
,,,
,,,
,,,
,,,
,,,
,,,
,,,
,,,
,,,
,,,
,,,
,,,
,,,
,,,
,,,
,,,
,,,
,,,
,,,
,,,
,,,
,,,
,,,
,,,
,,,
,,,
,,,
,,,
,,,
,,,
,,,
,,,
,,,
,,,
,,,
,,,
,,,
,,,
,,,
,,,
,,,
,,,
,,,
,,,
,,,
,,,
,,,
,,,
,,,
,,,
,,,
,,,
,,,
,,,
,,,
,,,
,,,
,,,
,,,
,,,
,,,
,,,
,,,
,,,
,,,
,,,
,,,
,,,
,,,
,,,
,,,
,,,
,,,
,,,
,,,
,,,
,,,
,,,
,,,
,,,
,,,
,,,
,,,
,,,
,,,
,,,
,,,
,,,
,,,
,,,
,,,
,,,
,,,
,,,
,,,
,,,
,,,
,,,
,,,
,,,
,,,
,,,
,,,
,,,
,,,
,,,
,,,
,,,
,,,
,,,
,,,
,,,
,,,
,,,
,,,
,,,
,,,
,,,
,,,
,,,
,,,
,,,
,,,
,,,
,,,
,,,
,,,
,,,
,,,
,,,
,,,
,,,
,,,
,,,
,,,
,,,
,,,
,,,
,,,
,,,
,,,
,,,
,,,
,,,
,,,
,,,
,,,
,,,
,,,
,,,
,,,
,,,
,,,
,,,
,,,
,,,
,,,
,,,
,,,
,,,
,,,
,,,
,,,
,,,
,,,
,,,
,,,
,,,
,,,
,,,
,,,
,,,
,,,
,,,
,,,
,,,
,,,
,,,
,,,
,,,
,,,
,,,
,,,
,,,
,,,
,,,
,,,
,,,
,,,
,,,
,,,
,,,
,,,
,,,
,,,
,,,
,,,
,,,
,,,
,,,
,,,
,,,
,,,
,,,
,,,
,,,
,,,
,,,
,,,
,,,
,,,
,,,
,,,
,,,
,,,
,,,
,,,
,,,
,,,
,,,
,,,
,,,
,,,
,,,
,,,
,,,
,,,
,,,
,,,
,,,
,,,
,,,
,,,
,,,
,,,
,,,
,,,
,,,
,,,
,,,
,,,
,,,
,,,
,,,
,,,
,,,
,,,
,,,
,,,
,,,
,,,
,,,
,,,
,,,
,,,
,,,
,,,
,,,
,,,
,,,
,,,
,,,
,,,
,,,
,,,
,,,
,,,
,,,
,,,
,,,
,,,
,,,
,,,
,,,
,,,
,,,
,,,
,,,
,,,
,,,
,,,
,,,
,,,
,,,
,,,
,,,
,,,
,,,
,,,
,,,
,,,
,,,
,,,
,,,
,,,
,,,
,,,
,,,
,,,
,,,
,,,
,,,
,,,
,,,
,,,
,,,
,,,
,,,
,,,
,,,
,,,
,,,
,,,
,,,
,,,
,,,
,,,
,,,
,,,
,,,
,,,
,,,
,,,
,,,
,,,
,,,
,,,
,,,
,,,
,,,
,,,
,,,
,,,
,,,
,,,
,,,
,,,
,,,
,,,
,,,
,,,
,,,
,,,
,,,
,,,
,,,
,,,
,,,
,,,
,,,
,,,
,,,
,,,
,,,
,,,
,,,
,,,
,,,
,,,
,,,
,,,
,,,
,,,
,,,
,,,
,,,
,,,
,,,
,,,
,,,
,,,
,,,
,,,
,,,
,,,
,,,
,,,
,,,
,,,
,,,
,,,
,,,
,,,
,,,
,,,
,,,
,,,
,,,
,,,
,,,
,,,
,,,
,,,
,,,
,,,
,,,
,,,
,,,
,,,
,,,
,,,
,,,
,,,
,,,
,,,
,,,
,,,
,,,
,,,
,,,
,,,
,,,
,,,
,,,
,,,
,,,
,,,
,,,
,,,
,,,
,,,
,,,
,,,
,,,
,,,
,,,
,,,
,,,
,,,
,,,
,,,
,,,
,,,
,,,
,,,
,,,
,,,
,,,
,,,
,,,
,,,
,,,
,,,
,,,
,,,
,,,
,,,
,,,
,,,
,,,
,,,
,,,
,,,
,,,
,,,
,,,
,,,
,,,
,,,
,,,
,,,
,,,
,,,
,,,
,,,
,,,
,,,
,,,
,,,
,,,
,,,
,,,
,,,
,,,
,,,
,,,
,,,
,,,
,,,
,,,
,,,
,,,
,,,
,,,
,,,
,,,
,,,
,,,
,,,
,,,
,,,
,,,
,,,
,,,
,,,
,,,
,,,
,,,
,,,
,,,
,,,
,,,
,,,
,,,
,,,
,,,
,,,
,,,
,,,
,,,
,,,
,,,
,,,
,,,
,,,
,,,
,,,
,,,
,,,
,,,
,,,
,,,
,,,
,,,
,,,
,,,
,,,
,,,
,,,
,,,
,,,
,,,
,,,
,,,
,,,
,,,
,,,
,,,
,,,
,,,
,,,
,,,
,,,
,,,
,,,
,,,
,,,
,,,
,,,
,,,
,,,
,,,
,,,
,,,
,,,
,,,
,,,
,,,
,,,
,,,
,,,
,,,
,,,
,,,
,,,
,,,
,,,
,,,
,,,
,,,
,,,
,,,
,,,
,,,
,,,
,,,
,,,
,,,
,,,
,,,
,,,
,,,
,,,
,,,
,,,
,,,
,,,
,,,
,,,
,,,
,,,
,,,
,,,
,,,
,,,
,,,
,,,
,,,
,,,
,,,
,,,
,,,
,,,
,,,
,,,
,,,
,,,
,,,
,,,
,,,
,,,
,,,
,,,
,,,
,,,
,,,
,,,
,,,
,,,
,,,
,,,
,,,
,,,
,,,
,,,
,,,
,,,
,,,
,,,
,,,
,,,
,,,
,,,
,,,
,,,
,,,
,,,
,,,
,,,
,,,
,,,
,,,
,,,
,,,
,,,
,,,
,,,
,,,
,,,
,,,
,,,
,,,
,,,
,,,
,,,
,,,
,,,
,,,
,,,
,,,
,,,
,,,
,,,
,,,
,,,
,,,
,,,
,,,
,,,
,,,
,,,
,,,
,,,
,,,
,,,
,,,
,,,
,,,
,,,
,,,
,,,
,,,
,,,
,,,
,,,
,,,
,,,
,,,
,,,
,,,
,,,
,,,
,,,
,,,
,,,
,,,
,,,
,,,
,,,
,,,
,,,
,,,
,,,
,,,
,,,
,,,
,,,
,,,
,,,
,,,
,,,
,,,
,,,
,,,
,,,
,,,
,,,
,,,
,,,
,,,
,,,
,,,
,,,
,,,
,,,
,,,
,,,
,,,
,,,
,,,
,,,
,,,
,,,
,,,
,,,
,,,
,,,
,,,
,,,
,,,
,,,
,,,
,,,
,,,
,,,
,,,
,,,
,,,
,,,
,,,
,,,
,,,
,,,
,,,
,,,
,,,
,,,
,,,
,,,
,,,
,,,
,,,
,,,
,,,
,,,
,,,
,,,
,,,
,,,
,,,
,,,
,,,
,,,
,,,
,,,
,,,
,,,
,,,
,,,
,,,
,,,
,,,
,,,
,,,
,,,
,,,
,,,
,,,
,,,
,,,
,,,
,,,
,,,
,,,
,,,
,,,
,,,
,,,
,,,
,,,
,,,
,,,
,,,
,,,
,,,
,,,
,,,
,,,
,,,
,,,
,,,
,,,
,,,
,,,
,,,
,,,
,,,
,,,
,,,
,,,
,,,
,,,
,,,
,,,
,,,
,,,
,,,
,,,
,,,
,,,
,,,
,,,
,,,
,,,
,,,
,,,
,,,
,,,
,,,
,,,
,,,
,,,
,,,
,,,
,,,
,,,
,,,
,,,
,,,
,,,
,,,
,,,
,,,
,,,
,,,
,,,
,,,
,,,
,,,
,,,
,,,
,,,
,,,
,,,
,,,
,,,
,,,
,,,
,,,
,,,
,,,
,,,
,,,
,,,
,,,
,,,
,,,
,,,
,,,
,,,
,,,
,,,
,,,
,,,
,,,
,,,
,,,
,,,
,,,
,,,
,,,
,,,
,,,
,,,
,,,
,,,
,,,
,,,
,,,
,,,
,,,
,,,
,,,
,,,
,,,
,,,
,,,
,,,
,,,
,,,
,,,
,,,
,,,
,,,
,,,
,,,
,,,
,,,
,,,
,,,
,,,
,,,
,,,
,,,
,,,
,,,
,,,
,,,
,,,
,,,
,,,
,,,
,,,
,,,
,,,
,,,
,,,
,,,
,,,
,,,
,,,
,,,
,,,
,,,
,,,
,,,
,,,
,,,
,,,
,,,
,,,
,,,
,,,
,,,
,,,
,,,
,,,
,,,
,,,
,,,
,,,
,,,
,,,
,,,
,,,
,,,
,,,
,,,
,,,
,,,
,,,
,,,
,,,
,,,
,,,
,,,
,,,
,,,
,,,
,,,
,,,
,,,
,,,
,,,
,,,
,,,
,,,
,,,
,,,
,,,
,,,
,,,
,,,
,,,
,,,
,,,
,,,
,,,
,,,
,,,
,,,
,,,
,,,
,,,
,,,
,,,
,,,
,,,
,,,
,,,
,,,
,,,
,,,
,,,
,,,
,,,
,,,
,,,
,,,
,,,
,,,
,,,
,,,
,,,
,,,
,,,
,,,
,,,
,,,
,,,
,,,
,,,
,,,
,,,
,,,
,,,
,,,
,,,
,,,
,,,
,,,
,,,
,,,
,,,
,,,
,,,
,,,
,,,
,,,
,,,
,,,
,,,
,,,
,,,
,,,
,,,
,,,
,,,
,,,
,,,
,,,
,,,
,,,
,,,
,,,
,,,
,,,
,,,
,,,
,,,
,,,
,,,
,,,
,,,
,,,
,,,
,,,
,,,
,,,
,,,
,,,
,,,
,,,
,,,
,,,
,,,
,,,
,,,
,,,
,,,
,,,
,,,
,,,
,,,
,,,
,,,
,,,
,,,
,,,
,,,
,,,
,,,
,,,
,,,
,,,
,,,
,,,
,,,
,,,
,,,
,,,
,,,
,,,
,,,
,,,
,,,
,,,
,,,
,,,
,,,
,,,
,,,
,,,
,,,
,,,
,,,
,,,
,,,
,,,
,,,
,,,
,,,
,,,
,,,
,,,
,,,
,,,
,,,
,,,
,,,
,,,
,,,
,,,
,,,
,,,
,,,
,,,
,,,
,,,
,,,
,,,
,,,
,,,
,,,
,,,
,,,
,,,
,,,
,,,
,,,
,,,
,,,
,,,
,,,
,,,
,,,
,,,
,,,
,,,
,,,
,,,
,,,
,,,
,,,
,,,
,,,
,,,
,,,
,,,
,,,
,,,
,,,
,,,
,,,
,,,
,,,
,,,
,,,
,,,
,,,
,,,
,,,
,,,
,,,
,,,
,,,
,,,
,,,
,,,
,,,
,,,
,,,
,,,
,,,
,,,
,,,
,,,
,,,
,,,
,,,
,,,
,,,
,,,
,,,
,,,
,,,
,,,
,,,
,,,
,,,
,,,
,,,
,,,
,,,
,,,
,,,
,,,
,,,
,,,
,,,
,,,
,,,
,,,
,,,
,,,
,,,
,,,
,,,
,,,
,,,
,,,
,,,
,,,
,,,
,,,
,,,
,,,
,,,
,,,
,,,
,,,
,,,
,,,
,,,
,,,
,,,
,,,
,,,
,,,
,,,
,,,
,,,
,,,
,,,
,,,
,,,
,,,
,,,
,,,
,,,
,,,
,,,
,,,
,,,
,,,
,,,
,,,
,,,
,,,
,,,
,,,
,,,
,,,
,,,
,,,
,,,
,,,
,,,
,,,
,,,
,,,
,,,
,,,
,,,
,,,
,,,
,,,
,,,
,,,
,,,
,,,
,,,
,,,
,,,
,,,
,,,
,,,
,,,
,,,
,,,
,,,
,,,
,,,
,,,
,,,
,,,
,,,
,,,
,,,
,,,
,,,
,,,
,,,
,,,
,,,
,,,
,,,
,,,
,,,
,,,
,,,
,,,
,,,
,,,
,,,
,,,
,,,
,,,
,,,
,,,
,,,
,,,
,,,
,,,
,,,
,,,
,,,
,,,
,,,
,,,
,,,
,,,
,,,
,,,
,,,
,,,
,,,
,,,
,,,
,,,
,,,
,,,
,,,
,,,
,,,
,,,
,,,
,,,
,,,
,,,
,,,
,,,
,,,
,,,
,,,
,,,
,,,
,,,
,,,
,,,
,,,
,,,
,,,
,,,
,,,
,,,
,,,
,,,
,,,
,,,
,,,
,,,
,,,
,,,
,,,
,,,
,,,
,,,
,,,
,,,
,,,
,,,
,,,
,,,
,,,
,,,
,,,
,,,
,,,
,,,
,,,
,,,
,,,
,,,
,,,
,,,
,,,
,,,
,,,
,,,
,,,
,,,
,,,
,,,
,,,
,,,
,,,
,,,
,,,
,,,
,,,
,,,
,,,
,,,
,,,
,,,
,,,
,,,
,,,
,,,
,,,
,,,
,,,
,,,
,,,
,,,
,,,
,,,
,,,
,,,
,,,
,,,
,,,
,,,
,,,
,,,
,,,
,,,
,,,
,,,
,,,
,,,
,,,
,,,
,,,
,,,
,,,
,,,
,,,
,,,
,,,
,,,
,,,
,,,
,,,
,,,
,,,
,,,
,,,
,,,
,,,
,,,
,,,
,,,
,,,
,,,
,,,
,,,
,,,
,,,
,,,
,,,
,,,
,,,
,,,
,,,
,,,
,,,
,,,
,,,
,,,
,,,
,,,
,,,
,,,
,,,
,,,
,,,
,,,
,,,
,,,
,,,
,,,
,,,
,,,
,,,
,,,
,,,
,,,
,,,
,,,
,,,
,,,
,,,
,,,
,,,
,,,
,,,
,,,
,,,
,,,
,,,
,,,
,,,
,,,
,,,
,,,
,,,
,,,
,,,
,,,
,,,
,,,
,,,
,,,
,,,
,,,
,,,
,,,
,,,
,,,
,,,
,,,
,,,
,,,
,,,
,,,
,,,
,,,
,,,
,,,
,,,
,,,
,,,
,,,
,,,
,,,
,,,
,,,
,,,
,,,
,,,
,,,
,,,
,,,
,,,
,,,
,,,
,,,
,,,
,,,
,,,
,,,
,,,
,,,
,,,
,,,
,,,
,,,
,,,
,,,
,,,
,,,
,,,
,,,
,,,
,,,
,,,
,,,
,,,
,,,
,,,
,,,
,,,
,,,
,,,
,,,
,,,
,,,
,,,
,,,
,,,
,,,
,,,
,,,
,,,
,,,
,,,
,,,
,,,
,,,
,,,
,,,
,,,
,,,
,,,
,,,
,,,
,,,
,,,
,,,
,,,
,,,
,,,
,,,
,,,
,,,
,,,
,,,
,,,
,,,
,,,
,,,
,,,
,,,
,,,
,,,
,,,
,,,
,,,
,,,
,,,
,,,
,,,
,,,
,,,
,,,
,,,
,,,
,,,
,,,
,,,
,,,
,,,
,,,
,,,
,,,
,,,
,,,
,,,
,,,
,,,
,,,
,,,
,,,
,,,
,,,
,,,
,,,
,,,
,,,
,,,
,,,
,,,
,,,
,,,
,,,
,,,
,,,
,,,
,,,
,,,
,,,
,,,
,,,
,,,
,,,
,,,
,,,
,,,
,,,
,,,
,,,
,,,
,,,
,,,
,,,
,,,
,,,
,,,
,,,
,,,
,,,
,,,
,,,
,,,
,,,
,,,
,,,
,,,
,,,
,,,
,,,
,,,
,,,
,,,
,,,
,,,
,,,
,,,
,,,
,,,
,,,
,,,
,,,
,,,
,,,
,,,
,,,
,,,
,,,
,,,
,,,
,,,
,,,
,,,
,,,
,,,
,,,
,,,
,,,
,,,
,,,
,,,
,,,
,,,
,,,
,,,
,,,
,,,
,,,
,,,
,,,
,,,
,,,
,,,
,,,
,,,
,,,
,,,
,,,
,,,
,,,
,,,
,,,
,,,
,,,
,,,
,,,
,,,
,,,
,,,
,,,
,,,
,,,
,,,
,,,
,,,
,,,
,,,
,,,
,,,
,,,
,,,
,,,
,,,
,,,
,,,
,,,
,,,
,,,
,,,
,,,
,,,
,,,
,,,
,,,
,,,
,,,
,,,
,,,
,,,
,,,
,,,
,,,
,,,
,,,
,,,
,,,
,,,
,,,
,,,
,,,
,,,
,,,
,,,
,,,
,,,
,,,
,,,
,,,
,,,
,,,
,,,
,,,
,,,
,,,
,,,
,,,
,,,
,,,
,,,
,,,
,,,
,,,
,,,
,,,
,,,
,,,
,,,
,,,
,,,
,,,
,,,
,,,
,,,
,,,
,,,
,,,
,,,
,,,
,,,
,,,
,,,
,,,
,,,
,,,
,,,
,,,
,,,
,,,
,,,
,,,
,,,
,,,
,,,
,,,
,,,
,,,
,,,
,,,
,,,
,,,
,,,
,,,
,,,
,,,
,,,
,,,
,,,
,,,
,,,
,,,
,,,
,,,
,,,
,,,
,,,
,,,
,,,
,,,
,,,
,,,
,,,
,,,
,,,
,,,
,,,
,,,
,,,
,,,
,,,
,,,
,,,
,,,
,,,
,,,
,,,
,,,
,,,
,,,
,,,
,,,
,,,
,,,
,,,
,,,
,,,
,,,
,,,
,,,
,,,
,,,
,,,
,,,
,,,
,,,
,,,
,,,
,,,
,,,
,,,
,,,
,,,
,,,
,,,
,,,
,,,
,,,
,,,
,,,
,,,
,,,
,,,
,,,
,,,
,,,
,,,
,,,
,,,
,,,
,,,
,,,
,,,
,,,
,,,
,,,
,,,
,,,
,,,
,,,
,,,
,,,
,,,
,,,
,,,
,,,
,,,
,,,
,,,
,,,
,,,
,,,
,,,
,,,
,,,
,,,
,,,
,,,
,,,
,,,
,,,
,,,
,,,
,,,
,,,
,,,
,,,
,,,
,,,
,,,
,,,
,,,
,,,
,,,
,,,
,,,
,,,
,,,
,,,
,,,
,,,
,,,
,,,
,,,
,,,
,,,
,,,
,,,
,,,
,,,
,,,
,,,
,,,
,,,
,,,
,,,
,,,
,,,
,,,
,,,
,,,
,,,
,,,
,,,
,,,
,,,
,,,
,,,
,,,
,,,
,,,
,,,
,,,
,,,
,,,
,,,
,,,
,,,
,,,
,,,
,,,
,,,
,,,
,,,
,,,
,,,
,,,
,,,
,,,
,,,
,,,
,,,
,,,
,,,
,,,
,,,
,,,
,,,
,,,
,,,
,,,
,,,
,,,
,,,
,,,
,,,
,,,
,,,
,,,
,,,
,,,
,,,
,,,
,,,
,,,
,,,
,,,
,,,
,,,
,,,
,,,
,,,
,,,
,,,
,,,
,,,
,,,
,,,
,,,
,,,
,,,
,,,
,,,
,,,
,,,
,,,
,,,
,,,
,,,
,,,
,,,
,,,
,,,
,,,
,,,
,,,
,,,
,,,
,,,
,,,
,,,
,,,
,,,
,,,
,,,
,,,
,,,
,,,
,,,
,,,
,,,
,,,
,,,
,,,
,,,
,,,
,,,
,,,
,,,
,,,
,,,
,,,
,,,
,,,
,,,
,,,
,,,
,,,
,,,
,,,
,,,
,,,
,,,
,,,
,,,
,,,
,,,
,,,
,,,
,,,
,,,
,,,
,,,
,,,
,,,
,,,
,,,
,,,
,,,
,,,
,,,
,,,
,,,
,,,
,,,
,,,
,,,
,,,
,,,
,,,
,,,
,,,
,,,
,,,
,,,
,,,
,,,
,,,
,,,
,,,
,,,
,,,
,,,
,,,
,,,
,,,
,,,
,,,
,,,
,,,
,,,
,,,
,,,
,,,
,,,
,,,
,,,
,,,
,,,
,,,
,,,
,,,
,,,
,,,
,,,
,,,
,,,
,,,
,,,
,,,
,,,
,,,
,,,
,,,
,,,
,,,
,,,
,,,
,,,
,,,
,,,
,,,
,,,
,,,
,,,
,,,
,,,
,,,
,,,
,,,
,,,
,,,
,,,
,,,
,,,
,,,
,,,
,,,
,,,
,,,
,,,
,,,
,,,
,,,
,,,
,,,
,,,
,,,
,,,
,,,
,,,
,,,
,,,
,,,
,,,
,,,
,,,
,,,
,,,
,,,
,,,
,,,
,,,
,,,
,,,
,,,
,,,
,,,
,,,
,,,
,,,
,,,
,,,
,,,
,,,
,,,
,,,
,,,
,,,
,,,
,,,
,,,
,,,
,,,
,,,
,,,
,,,
,,,
,,,
,,,
,,,
,,,
,,,
,,,
,,,
,,,
,,,
,,,
,,,
,,,
,,,
,,,
,,,
,,,
,,,
,,,
,,,
,,,
,,,
,,,
,,,
,,,
,,,
,,,
,,,
,,,
,,,
,,,
,,,
,,,
,,,
,,,
,,,
,,,
,,,
,,,
,,,
,,,
,,,
,,,
,,,
,,,
,,,
,,,
,,,
,,,
,,,
,,,
,,,
,,,
,,,
,,,
,,,
,,,
,,,
,,,
,,,
,,,
,,,
,,,
,,,
,,,
,,,
,,,
,,,
,,,
,,,
,,,
,,,
,,,
,,,
,,,
,,,
,,,
,,,
,,,
,,,
,,,
,,,
,,,
,,,
,,,
,,,
,,,
,,,
,,,
,,,
,,,
,,,
,,,
,,,
,,,
,,,
,,,
,,,
,,,
,,,
,,,
,,,
,,,
,,,
,,,
,,,
,,,
,,,
,,,
,,,
,,,
,,,
,,,
,,,
,,,
,,,
,,,
,,,
,,,
,,,
,,,
,,,
,,,
,,,
,,,
,,,
,,,
,,,
,,,
,,,
,,,
,,,
,,,
,,,
,,,
,,,
,,,
,,,
,,,
,,,
,,,
,,,
,,,
,,,
,,,
,,,
,,,
,,,
,,,
,,,
,,,
,,,
,,,
,,,
,,,
,,,
,,,
,,,
,,,
,,,
,,,
,,,
,,,
,,,
,,,
,,,
,,,
,,,
,,,
,,,
,,,
,,,
,,,
,,,
,,,
,,,
,,,
,,,
,,,
,,,
,,,
,,,
,,,
,,,
,,,
,,,
,,,
,,,
,,,
,,,
,,,
,,,
,,,
,,,
,,,
,,,
,,,
,,,
,,,
,,,
,,,
,,,
,,,
,,,
,,,
,,,
,,,
,,,
,,,
,,,
,,,
,,,
,,,
,,,
,,,
,,,
,,,
,,,
,,,
,,,
,,,
,,,
,,,
,,,
,,,
,,,
,,,
,,,
,,,
,,,
,,,
,,,
,,,
,,,
,,,
,,,
,,,
,,,
,,,
,,,
,,,
,,,
,,,
,,,
,,,
,,,
,,,
,,,
,,,
,,,
,,,
,,,
,,,
,,,
,,,
,,,
,,,
,,,
,,,
,,,
,,,
,,,
,,,
,,,
,,,
,,,
,,,
,,,
,,,
,,,
,,,
,,,
,,,
,,,
,,,
,,,
,,,
,,,
,,,
,,,
,,,
,,,
,,,
,,,
,,,
,,,
,,,
,,,
,,,
,,,
,,,
,,,
,,,
,,,
,,,
,,,
,,,
,,,
,,,
,,,
,,,
,,,
,,,
,,,
,,,
,,,
,,,
,,,
,,,
,,,
,,,
,,,
,,,
,,,
,,,
,,,
,,,
,,,
,,,
,,,
,,,
,,,
,,,
,,,
,,,
,,,
,,,
,,,
,,,
,,,
,,,
,,,
,,,
,,,
,,,
,,,
,,,
,,,
,,,
,,,
,,,
,,,
,,,
,,,
,,,
,,,
,,,
,,,
,,,
,,,
,,,
,,,
,,,
,,,
,,,
,,,
,,,
,,,
,,,
,,,
,,,
,,,
,,,
,,,
,,,
,,,
,,,
,,,
,,,
,,,
,,,
,,,
,,,
,,,
,,,
,,,
,,,
,,,
,,,
,,,
,,,
,,,
,,,
,,,
,,,
,,,
,,,
,,,
,,,
,,,
,,,
,,,
,,,
,,,
,,,
,,,
,,,
,,,
,,,
,,,
,,,
,,,
,,,
,,,
,,,
,,,
,,,
,,,
,,,
,,,
,,,
,,,
,,,
,,,
,,,
,,,
,,,
,,,
,,,
,,,
,,,
,,,
,,,
,,,
,,,
,,,
,,,
,,,
,,,
,,,
,,,
,,,
,,,
,,,
,,,
,,,
,,,
,,,
,,,
,,,
,,,
,,,
,,,
,,,
,,,
,,,
,,,
,,,
,,,
,,,
,,,
,,,
,,,
,,,
,,,
,,,
,,,
,,,
,,,
,,,
,,,
,,,
,,,
,,,
,,,
,,,
,,,
,,,
,,,
,,,
,,,
,,,
,,,
,,,
,,,
,,,
,,,
,,,
,,,
,,,
,,,
,,,
,,,
,,,
,,,
,,,
,,,
,,,
,,,
,,,
,,,
,,,
,,,
,,,
,,,
,,,
,,,
,,,
,,,
,,,
,,,
,,,
,,,
,,,
,,,
,,,
,,,
,,,
,,,
,,,
,,,
,,,
,,,
,,,
,,,
,,,
,,,
,,,
,,,
,,,
,,,
,,,
,,,
,,,
,,,
,,,
,,,
,,,
,,,
,,,
,,,
,,,
,,,
,,,
,,,
,,,
,,,
,,,
,,,
,,,
,,,
,,,
,,,
,,,
,,,
,,,
,,,
,,,
,,,
,,,
,,,
,,,
,,,
,,,
,,,
,,,
,,,
,,,
,,,
,,,
,,,
,,,
,,,
,,,
,,,
,,,
,,,
,,,
,,,
,,,
,,,
,,,
,,,
,,,
,,,
,,,
,,,
,,,
,,,
,,,
,,,
,,,
,,,
,,,
,,,
,,,
,,,
,,,
,,,
,,,
,,,
,,,
,,,
,,,
,,,
,,,
,,,
,,,
,,,
,,,
,,,
,,,
,,,
,,,
,,,
,,,
,,,
,,,
,,,
,,,
,,,
,,,
,,,
,,,
,,,
,,,
,,,
,,,
,,,
,,,
,,,
,,,
,,,
,,,
,,,
,,,
,,,
,,,
,,,
,,,
,,,
,,,
,,,
,,,
,,,
,,,
,,,
,,,
,,,
,,,
,,,
,,,
,,,
,,,
,,,
,,,
,,,
,,,
,,,
,,,
,,,
,,,
,,,
,,,
,,,
,,,
,,,
,,,
,,,
,,,
,,,
,,,
,,,
,,,
,,,
,,,
,,,
,,,
,,,
,,,
,,,
,,,
,,,
,,,
,,,
,,,
,,,
,,,
,,,
,,,
,,,
,,,
,,,
,,,
,,,
,,,
,,,
,,,
,,,
,,,
,,,
,,,
,,,
,,,
,,,
,,,
,,,
,,,
,,,
,,,
,,,
,,,
,,,
,,,
,,,
,,,
,,,
,,,
,,,
,,,
,,,
,,,
,,,
,,,
,,,
,,,
,,,
,,,
,,,
,,,
,,,
,,,
,,,
,,,
,,,
,,,
,,,
,,,
,,,
,,,
,,,
,,,
,,,
,,,
,,,
,,,
,,,
,,,
,,,
,,,
,,,
,,,
,,,
,,,
,,,
,,,
,,,
,,,
,,,
,,,
,,,
,,,
,,,
,,,
,,,
,,,
,,,
,,,
,,,
,,,
,,,
,,,
,,,
,,,
,,,
,,,
,,,
,,,
,,,
,,,
,,,
,,,
,,,
,,,
,,,
,,,
,,,
,,,
,,,
,,,
,,,
,,,
,,,
,,,
,,,
,,,
,,,
,,,
,,,
,,,
,,,
,,,
,,,
,,,
,,,
,,,
,,,
,,,
,,,
,,,
,,,
,,,
,,,
,,,
,,,
,,,
,,,
,,,
,,,
,,,
,,,
,,,
,,,
,,,
,,,
,,,
,,,
,,,
,,,
,,,
,,,
,,,
,,,
,,,
,,,
,,,
,,,
,,,
,,,
,,,
,,,
,,,
,,,
,,,
,,,
,,,
,,,
,,,
,,,
,,,
,,,
,,,
,,,
,,,
,,,
,,,
,,,
,,,
,,,
,,,
,,,
,,,
,,,
,,,
,,,
,,,
,,,
,,,
,,,
,,,
,,,
,,,
,,,
,,,
,,,
,,,
,,,
,,,
,,,
,,,
,,,
,,,
,,,
,,,
,,,
,,,
,,,
,,,
,,,
,,,
,,,
,,,
,,,
,,,
,,,
,,,
,,,
,,,
,,,
,,,
,,,
,,,
,,,
,,,
,,,
,,,
,,,
,,,
,,,
,,,
,,,
,,,
,,,
,,,
,,,
,,,
,,,
,,,
,,,
,,,
,,,
,,,
,,,
,,,
,,,
,,,
,,,
,,,
,,,
,,,
,,,
,,,
,,,
,,,
,,,
,,,
,,,
,,,
,,,
,,,
,,,
,,,
,,,
,,,
,,,
,,,
,,,
,,,
,,,
,,,
,,,
,,,
,,,
,,,
,,,
,,,
,,,
,,,
,,,
,,,
,,,
,,,
,,,
,,,
,,,
,,,
,,,
,,,
,,,
,,,
,,,
,,,
,,,
,,,
,,,
,,,
,,,
,,,
,,,
,,,
,,,
,,,
,,,
,,,
,,,
,,,
,,,
,,,
,,,
,,,
,,,
,,,
,,,
,,,
,,,
,,,
,,,
,,,
,,,
,,,
,,,
,,,
,,,
,,,
,,,
,,,
,,,
,,,
,,,
,,,
,,,
,,,
,,,
,,,
,,,
,,,
,,,
,,,
,,,
,,,
,,,
,,,
,,,
,,,
,,,
,,,
,,,
,,,
,,,
,,,
,,,
,,,
,,,
,,,
,,,
,,,
,,,
,,,
,,,
,,,
,,,
,,,
,,,
,,,
,,,
,,,
,,,
,,,
,,,
,,,
,,,
,,,
,,,
,,,
,,,
,,,
,,,
,,,
,,,
,,,
,,,
,,,
,,,
,,,
,,,
,,,
,,,
,,,
,,,
,,,
,,,
,,,
,,,
,,,
,,,
,,,
,,,
,,,
,,,
,,,
,,,
,,,
,,,
,,,
,,,
,,,
,,,
,,,
,,,
,,,
,,,
,,,
,,,
,,,
,,,
,,,
,,,
,,,
,,,
,,,
,,,
,,,
,,,
,,,
,,,
,,,
,,,
,,,
,,,
,,,
,,,
,,,
,,,
,,,
,,,
,,,
,,,
,,,
,,,
,,,
,,,
,,,
,,,
,,,
,,,
,,,
,,,
,,,
,,,
,,,
,,,
,,,
,,,
,,,
,,,
,,,
,,,
,,,
,,,
,,,
,,,
,,,
,,,
,,,
,,,
,,,
,,,
,,,
,,,
,,,
,,,
,,,
,,,
,,,
,,,
,,,
,,,
,,,
,,,
,,,
,,,
,,,
,,,
,,,
,,,
,,,
,,,
,,,
,,,
,,,
,,,
,,,
,,,
,,,
,,,
,,,
,,,
,,,
,,,
,,,
,,,
,,,
,,,
,,,
,,,
,,,
,,,
,,,
,,,
,,,
,,,
,,,
,,,
,,,
,,,
,,,
,,,
,,,
,,,
,,,
,,,
,,,
,,,
,,,
,,,
,,,
,,,
,,,
,,,
,,,
,,,
,,,
,,,
,,,
,,,
,,,
,,,
,,,
,,,
,,,
,,,
,,,
,,,
,,,
,,,
,,,
,,,
,,,
,,,
,,,
,,,
,,,
,,,
,,,
,,,
,,,
,,,
,,,
,,,
,,,
,,,
,,,
,,,
,,,
,,,
,,,
,,,
,,,
,,,
,,,
,,,
,,,
,,,
,,,
,,,
,,,
,,,
,,,
,,,
,,,
,,,
,,,
,,,
,,,
,,,
,,,
,,,
,,,
,,,
,,,
,,,
,,,
,,,
,,,
,,,
,,,
,,,
,,,
,,,
,,,
,,,
,,,
,,,
,,,
,,,
,,,
,,,
,,,
,,,
,,,
,,,
,,,
,,,
,,,
,,,
,,,
,,,
,,,
,,,
,,,
,,,
,,,
,,,
,,,
,,,
,,,
,,,
,,,
,,,
,,,
,,,
,,,
,,,
,,,
,,,
,,,
,,,
,,,
,,,
,,,
,,,
,,,
,,,
,,,
,,,
,,,
,,,
,,,
,,,
,,,
,,,
,,,
,,,
,,,
,,,
,,,
,,,
,,,
,,,
,,,
,,,
,,,
,,,
,,,
,,,
,,,
,,,
,,,
,,,
,,,
,,,
,,,
,,,
,,,
,,,
,,,
,,,
,,,
,,,
,,,
,,,
,,,
,,,
,,,
,,,
,,,
,,,
,,,
,,,
,,,
,,,
,,,
,,,
,,,
,,,
,,,
,,,
,,,
,,,
,,,
,,,
,,,
,,,
,,,
,,,
,,,
,,,
,,,
,,,
,,,
,,,
,,,
,,,
,,,
,,,
,,,
,,,
,,,
,,,
,,,
,,,
,,,
,,,
,,,
,,,
,,,
,,,
,,,
,,,
,,,
,,,
,,,
,,,
,,,
,,,
,,,
,,,
,,,
,,,
,,,
,,,
,,,
,,,
,,,
,,,
,,,
,,,
,,,
,,,
,,,
,,,
,,,
,,,
,,,
,,,
,,,
,,,
,,,
,,,
,,,
,,,
,,,
,,,
,,,
,,,
,,,
,,,
,,,
,,,
,,,
,,,
,,,
,,,
,,,
,,,
,,,
,,,
,,,
,,,
,,,
,,,
,,,
,,,
,,,
,,,
,,,
,,,
,,,
,,,
,,,
,,,
,,,
,,,
,,,
,,,
,,,
,,,
,,,
,,,
,,,
,,,
,,,
,,,
,,,
,,,
,,,
,,,
,,,
,,,
,,,
,,,
,,,
,,,
,,,
,,,
,,,
,,,
,,,
,,,
,,,
,,,
,,,
,,,
,,,
,,,
,,,
,,,
,,,
,,,
,,,
,,,
,,,
,,,
,,,
,,,
,,,
,,,
,,,
,,,
,,,
,,,
,,,
,,,
,,,
,,,
,,,
,,,
,,,
,,,
,,,
,,,
,,,
,,,
,,,
,,,
,,,
,,,
,,,
,,,
,,,
,,,
,,,
,,,
,,,
,,,
,,,
,,,
,,,
,,,
,,,
,,,
,,,
,,,
,,,
,,,
,,,
,,,
,,,
,,,
,,,
,,,
,,,
,,,
,,,
,,,
,,,
,,,
,,,
,,,
,,,
,,,
,,,
,,,
,,,
,,,
,,,
,,,
,,,
,,,
,,,
,,,
,,,
,,,
,,,
,,,
,,,
,,,
,,,
,,,
,,,
,,,
,,,
,,,
,,,
,,,
,,,
,,,
,,,
,,,
,,,
,,,
,,,
,,,
,,,
,,,
,,,
,,,
,,,
,,,
,,,
,,,
,,,
,,,
,,,
,,,
,,,
,,,
,,,
,,,
,,,
,,,
,,,
,,,
,,,
,,,
,,,
,,,
,,,
,,,
,,,
,,,
,,,
,,,
,,,
,,,
,,,
,,,
,,,
,,,
,,,
,,,
,,,
,,,
,,,
,,,
,,,
,,,
,,,
,,,
,,,
,,,
,,,
,,,
,,,
,,,
,,,
,,,
,,,
,,,
,,,
,,,
,,,
,,,
,,,
,,,
,,,
,,,
,,,
,,,
,,,
,,,
,,,
,,,
,,,
,,,
,,,
,,,
,,,
,,,
,,,
,,,
,,,
,,,
,,,
,,,
,,,
,,,
,,,
,,,
,,,
,,,
,,,
,,,
,,,
,,,
,,,
,,,
,,,
,,,
,,,
,,,
,,,
,,,
,,,
,,,
,,,
,,,
,,,
,,,
,,,
,,,
,,,
,,,
,,,
,,,
,,,
,,,
,,,
,,,
,,,
,,,
,,,
,,,
,,,
,,,
,,,
,,,
,,,
,,,
,,,
,,,
,,,
,,,
,,,
,,,
,,,
,,,
,,,
,,,
,,,
,,,
,,,
,,,
,,,
,,,
,,,
,,,
,,,
,,,
,,,
,,,
,,,
,,,
,,,
,,,
,,,
,,,
,,,
,,,
,,,
,,,
,,,
,,,
,,,
,,,
,,,
,,,
,,,
,,,
,,,
,,,
,,,
,,,
,,,
,,,
,,,
,,,
,,,
,,,
,,,
,,,
,,,
,,,
,,,
,,,
,,,
,,,
,,,
,,,
,,,
,,,
,,,
,,,
,,,
,,,
,,,
,,,
,,,
,,,
,,,
,,,
,,,
,,,
,,,
,,,
,,,
,,,
,,,
,,,
,,,
,,,
,,,
,,,
,,,
,,,
,,,
,,,
,,,
,,,
,,,
,,,
,,,
,,,
,,,
,,,
,,,
,,,
,,,
,,,
,,,
,,,
,,,
,,,
,,,
,,,
,,,
,,,
,,,
,,,
,,,
,,,
,,,
,,,
,,,
,,,
,,,
,,,
,,,
,,,
,,,
,,,
,,,
,,,
,,,
,,,
,,,
,,,
,,,
,,,
,,,
,,,
,,,
,,,
,,,
,,,
,,,
,,,
,,,
,,,
,,,
,,,
,,,
,,,
,,,
,,,
,,,
,,,
,,,
,,,
,,,
,,,
,,,
,,,
,,,
,,,
,,,
,,,
,,,
,,,
,,,
,,,
,,,
,,,
,,,
,,,
,,,
,,,
,,,
,,,
,,,
,,,
,,,
,,,
,,,
,,,
,,,
,,,
,,,
,,,
,,,
,,,
,,,
,,,
,,,
,,,
,,,
,,,
,,,
,,,
,,,
,,,
,,,
,,,
,,,
,,,
,,,
,,,
,,,
,,,
,,,
,,,
,,,
,,,
,,,
,,,
,,,
,,,
,,,
,,,
,,,
,,,
,,,
,,,
,,,
,,,
,,,
,,,
,,,
,,,
,,,
,,,
,,,
,,,
,,,
,,,
,,,
,,,
,,,
,,,
,,,
,,,
,,,
,,,
,,,
,,,
,,,
,,,
,,,
,,,
,,,
,,,
,,,
,,,
,,,
,,,
,,,
,,,
,,,
,,,
,,,
,,,
,,,
,,,
,,,
,,,
,,,
,,,
,,,
,,,
,,,
,,,
,,,
,,,
,,,
,,,
,,,
,,,
,,,
,,,
,,,
,,,
,,,
,,,
,,,
,,,
,,,
,,,
,,,
,,,
,,,
,,,
,,,
,,,
,,,
,,,
,,,
,,,
,,,
,,,
,,,
,,,
,,,
,,,
,,,
,,,
,,,
,,,
,,,
,,,
,,,
,,,
,,,
,,,
,,,
,,,
,,,
,,,
,,,
,,,
,,,
,,,
,,,
,,,
,,,
,,,
,,,
,,,
,,,
,,,
,,,
,,,
,,,
,,,
,,,
,,,
,,,
,,,
,,,
,,,
,,,
,,,
,,,
,,,
,,,
,,,
,,,
,,,
,,,
,,,
,,,
,,,
,,,
,,,
,,,
,,,
,,,
,,,
,,,
,,,
,,,
,,,
,,,
,,,
,,,
,,,
,,,
,,,
,,,
,,,
,,,
,,,
,,,
,,,
,,,
,,,
,,,
,,,
,,,
,,,
,,,
,,,
,,,
,,,
,,,
,,,
,,,
,,,
,,,
,,,
,,,
,,,
,,,
,,,
,,,
,,,
,,,
,,,
,,,
,,,
,,,
,,,
,,,
,,,
,,,
,,,
,,,
,,,
,,,
,,,
,,,
,,,
,,,
,,,
,,,
,,,
,,,
,,,
,,,
,,,
,,,
,,,
,,,
,,,
,,,
,,,
,,,
,,,
,,,
,,,
,,,
,,,
,,,
,,,
,,,
,,,
,,,
,,,
,,,
,,,
,,,
,,,
,,,
,,,
,,,
,,,
,,,
,,,
,,,
,,,
,,,
,,,
,,,
,,,
,,,
,,,
,,,
,,,
,,,
,,,
,,,
,,,
,,,
,,,
,,,
,,,
,,,
,,,
,,,
,,,
,,,
,,,
,,,
,,,
,,,
,,,
,,,
,,,
,,,
,,,
,,,
,,,
,,,
,,,
,,,
,,,
,,,
,,,
,,,
,,,
,,,
,,,
,,,
,,,
,,,
,,,
,,,
,,,
,,,
,,,
,,,
,,,
,,,
,,,
,,,
,,,
,,,
,,,
,,,
,,,
,,,
,,,
,,,
,,,
,,,
,,,
,,,
,,,
,,,
,,,
,,,
,,,
,,,
,,,
,,,
,,,
,,,
,,,
,,,
,,,
,,,
,,,
,,,
,,,
,,,
,,,
,,,
,,,
,,,
,,,
,,,
,,,
,,,
,,,
,,,
,,,
,,,
,,,
,,,
,,,
,,,
,,,
,,,
,,,
,,,
,,,
,,,
,,,
,,,
,,,
,,,
,,,
,,,
,,,
,,,
,,,
,,,
,,,
,,,
,,,
,,,
,,,
,,,
,,,
,,,
,,,
,,,
,,,
,,,
,,,
,,,
,,,
,,,
,,,
,,,
,,,
,,,
,,,
,,,
,,,
,,,
,,,
,,,
,,,
,,,
,,,
,,,
,,,
,,,
,,,
,,,
,,,
,,,
,,,
,,,
,,,
,,,
,,,
,,,
,,,
,,,
,,,
,,,
,,,
,,,
,,,
,,,
,,,
,,,
,,,
,,,
,,,
,,,
,,,
,,,
,,,
,,,
,,,
,,,
,,,
,,,
,,,
,,,
,,,
,,,
,,,
,,,
,,,
,,,
,,,
,,,
,,,
,,,
,,,
,,,
,,,
,,,
,,,
,,,
,,,
,,,
,,,
,,,
,,,
,,,
,,,
,,,
,,,
,,,
,,,
,,,
,,,
,,,
,,,
,,,
,,,
,,,
,,,
,,,
,,,
,,,
,,,
,,,
,,,
,,,
,,,
,,,
,,,
,,,
,,,
,,,
,,,
,,,
,,,
,,,
,,,
,,,
,,,
,,,
,,,
,,,
,,,
,,,
,,,
,,,
,,,
,,,
,,,
,,,
,,,
,,,
,,,
,,,
,,,
,,,
,,,
,,,
,,,
,,,
,,,
,,,
,,,
,,,
,,,
,,,
,,,
,,,
,,,
,,,
,,,
,,,
,,,
,,,
,,,
,,,
,,,
,,,
,,,
,,,
,,,
,,,
,,,
,,,
,,,
,,,
,,,
,,,
,,,
,,,
,,,
,,,
,,,
,,,
,,,
,,,
,,,
,,,
,,,
,,,
,,,
,,,
,,,
,,,
,,,
,,,
,,,
,,,
,,,
,,,
,,,
,,,
,,,
,,,
,,,
,,,
,,,
,,,
,,,
,,,
,,,
,,,
,,,
,,,
,,,
,,,
,,,
,,,
,,,
,,,
,,,
,,,
,,,
,,,
,,,
,,,
,,,
,,,
,,,
,,,
,,,
,,,
,,,
,,,
,,,
,,,
,,,
,,,
,,,
,,,
,,,
,,,
,,,
,,,
,,,
,,,
,,,
,,,
,,,
,,,
,,,
,,,
,,,
,,,
,,,
,,,
,,,
,,,
,,,
,,,
,,,
,,,
,,,
,,,
,,,
,,,
,,,
,,,
,,,
,,,
,,,
,,,
,,,
,,,
,,,
,,,
,,,
,,,
,,,
,,,
,,,
,,,
,,,
,,,
,,,
,,,
,,,
,,,
,,,
,,,
,,,
,,,
,,,
,,,
,,,
,,,
,,,
,,,
,,,
,,,
,,,
,,,
,,,
,,,
,,,
,,,
,,,
,,,
,,,
,,,
,,,
,,,
,,,
,,,
,,,
,,,
,,,
,,,
,,,
,,,
,,,
,,,
,,,
,,,
,,,
,,,
,,,
,,,
,,,
,,,
,,,
,,,
,,,
,,,
,,,
,,,
,,,
,,,
,,,
,,,
,,,
,,,
,,,
,,,
,,,
,,,
,,,
,,,
,,,
,,,
,,,
,,,
,,,
,,,
,,,
,,,
,,,
,,,
,,,
,,,
,,,
,,,
,,,
,,,
,,,
,,,
,,,
,,,
,,,
,,,
,,,
,,,
,,,
,,,
,,,
,,,
,,,
,,,
,,,
,,,
,,,
,,,
,,,
,,,
,,,
,,,
,,,
,,,
,,,
,,,
,,,
,,,
,,,
,,,
,,,
,,,
,,,
,,,
,,,
,,,
,,,
,,,
,,,
,,,
,,,
,,,
,,,
,,,
,,,
,,,
,,,
,,,
,,,
,,,
,,,
,,,
,,,
,,,
,,,
,,,
,,,
,,,
,,,
,,,
,,,
,,,
,,,
,,,
,,,
,,,
,,,
,,,
,,,
,,,
,,,
,,,
,,,
,,,
,,,
,,,
,,,
,,,
,,,
,,,
,,,
,,,
,,,
,,,
,,,
,,,
,,,
,,,
,,,
,,,
,,,
,,,
,,,
,,,
,,,
,,,
,,,
,,,
,,,
,,,
,,,
,,,
,,,
,,,
,,,
,,,
,,,
,,,
,,,
,,,
,,,
,,,
,,,
,,,
,,,
,,,
,,,
,,,
,,,
,,,
,,,
,,,
,,,
,,,
,,,
,,,
,,,
,,,
,,,
,,,
,,,
,,,
,,,
,,,
,,,
,,,
,,,
,,,
,,,
,,,
,,,
,,,
,,,
,,,
,,,
,,,
,,,
,,,
,,,
,,,
,,,
,,,
,,,
,,,
,,,
,,,
,,,
,,,
,,,
,,,
,,,
,,,
,,,
,,,
,,,
,,,
,,,
,,,
,,,
,,,
,,,
,,,
,,,
,,,
,,,
,,,
,,,
,,,
,,,
,,,
,,,
,,,
,,,
,,,
,,,
,,,
,,,
,,,
,,,
,,,
,,,
,,,
,,,
,,,
,,,
,,,
,,,
,,,
,,,
,,,
,,,
,,,
,,,
,,,
,,,
,,,
,,,
,,,
,,,
,,,
,,,
,,,
,,,
,,,
,,,
,,,
,,,
,,,
,,,
,,,
,,,
,,,
,,,
,,,
,,,
,,,
,,,
,,,
,,,
,,,
,,,
,,,
,,,
,,,
,,,
,,,
,,,
,,,
,,,
,,,
,,,
,,,
,,,
,,,
,,,
,,,
,,,
,,,
,,,
,,,
,,,
,,,
,,,
,,,
,,,
,,,
,,,
,,,
,,,
,,,
,,,
,,,
,,,
,,,
,,,
,,,
,,,
,,,
,,,
,,,
,,,
,,,
,,,
,,,
,,,
,,,
,,,
,,,
,,,
,,,
,,,
,,,
,,,
,,,
,,,
,,,
,,,
,,,
,,,
,,,
,,,
,,,
,,,
,,,
,,,
,,,
,,,
,,,
,,,
,,,
,,,
,,,
,,,
,,,
,,,
,,,
,,,
,,,
,,,
,,,
,,,
,,,
,,,
,,,
,,,
,,,
,,,
,,,
,,,
,,,
,,,
,,,
,,,
,,,
,,,
,,,
,,,
,,,
,,,
,,,
,,,
,,,
,,,
,,,
,,,
,,,
,,,
,,,
,,,
,,,
,,,
,,,
,,,
,,,
,,,
,,,
,,,
,,,
,,,
,,,
,,,
,,,
,,,
,,,
,,,
,,,
,,,
,,,
,,,
,,,
,,,
,,,
,,,
,,,
,,,
,,,
,,,
,,,
,,,
,,,
,,,
,,,
,,,
,,,
,,,
,,,
,,,
,,,
,,,
,,,
,,,
,,,
,,,
,,,
,,,
,,,
,,,
,,,
,,,
,,,
,,,
,,,
,,,
,,,
,,,
,,,
,,,
,,,
,,,
,,,
,,,
,,,
,,,
,,,
,,,
,,,
,,,
,,,
,,,
,,,
,,,
,,,
,,,
,,,
,,,
,,,
,,,
,,,
,,,
,,,
,,,
,,,
,,,
,,,
,,,
,,,
,,,
,,,
,,,
,,,
,,,
,,,
,,,
,,,
,,,
,,,
,,,
,,,
,,,
,,,
,,,
,,,
,,,
,,,
,,,
,,,
,,,
,,,
,,,
,,,
,,,
,,,
,,,
,,,
,,,
,,,
,,,
,,,
,,,
,,,
,,,
,,,
,,,
,,,
,,,
,,,
,,,
,,,
,,,
,,,
,,,
,,,
,,,
,,,
,,,
,,,
,,,
,,,
,,,
,,,
,,,
,,,
,,,
,,,
,,,
,,,
,,,
,,,
,,,
,,,
,,,
,,,
,,,
,,,
,,,
,,,
,,,
,,,
,,,
,,,
,,,
,,,
,,,
,,,
,,,
,,,
,,,
,,,
,,,
,,,
,,,
,,,
,,,
,,,
,,,
,,,
,,,
,,,
,,,
,,,
,,,
,,,
,,,
,,,
,,,
,,,
,,,
,,,
,,,
,,,
,,,
,,,
,,,
,,,
,,,
,,,
,,,
,,,
,,,
,,,
,,,
,,,
,,,
,,,
,,,
,,,
,,,
,,,
,,,
,,,
,,,
,,,
,,,
,,,
,,,
,,,
,,,
,,,
,,,
,,,
,,,
,,,
,,,
,,,
,,,
,,,
,,,
,,,
,,,
,,,
,,,
,,,
,,,
,,,
,,,
,,,
,,,
,,,
,,,
,,,
,,,
,,,
,,,
,,,
,,,
,,,
,,,
,,,
,,,
,,,
,,,
,,,
,,,
,,,
,,,
,,,
,,,
,,,
,,,
,,,
,,,
,,,
,,,
,,,
,,,
,,,
,,,
,,,
,,,
,,,
,,,
,,,
,,,
,,,
,,,
,,,
,,,
,,,
,,,
,,,
,,,
,,,
,,,
,,,
,,,
,,,
,,,
,,,
,,,
,,,
,,,
,,,
,,,
,,,
,,,
,,,
,,,
,,,
,,,
,,,
,,,
,,,
,,,
,,,
,,,
,,,
,,,
,,,
,,,
,,,
,,,
,,,
,,,
,,,
,,,
,,,
,,,
,,,
,,,
,,,
,,,
,,,
,,,
,,,
,,,
,,,
,,,
,,,
,,,
,,,
,,,
,,,
,,,
,,,
,,,
,,,
,,,
,,,
,,,
,,,
,,,
,,,
,,,
,,,
,,,
,,,
,,,
,,,
,,,
,,,
,,,
,,,
,,,
,,,
,,,
,,,
,,,
,,,
,,,
,,,
,,,
,,,
,,,
,,,
,,,
,,,
,,,
,,,
,,,
,,,
,,,
,,,
,,,
,,,
,,,
,,,
,,,
,,,
,,,
,,,
,,,
,,,
,,,
,,,
,,,
,,,
,,,
,,,
,,,
,,,
,,,
,,,
,,,
,,,
,,,
,,,
,,,
,,,
,,,
,,,
,,,
,,,
,,,
,,,
,,,
,,,
,,,
,,,
,,,
,,,
,,,
,,,
,,,
,,,
,,,
,,,
,,,
,,,
,,,
,,,
,,,
,,,
,,,
,,,
,,,
,,,
,,,
,,,
,,,
,,,
,,,
,,,
,,,
,,,
,,,
,,,
,,,
,,,
,,,
,,,
,,,
,,,
,,,
,,,
,,,
,,,
,,,
,,,
,,,
,,,
,,,
,,,
,,,
,,,
,,,
,,,
,,,
,,,
,,,
,,,
,,,
,,,
,,,
,,,
,,,
,,,
,,,
,,,
,,,
,,,
,,,
,,,
,,,
,,,
,,,
,,,
,,,
,,,
,,,
,,,
,,,
,,,
,,,
,,,
,,,
,,,
,,,
,,,
,,,
,,,
,,,
,,,
,,,
,,,
,,,
,,,
,,,
,,,
,,,
,,,
,,,
,,,
,,,
,,,
,,,
,,,
,,,
,,,
,,,
,,,
,,,
,,,
,,,
,,,
,,,
,,,
,,,
,,,
,,,
,,,
,,,
,,,
,,,
,,,
,,,
,,,
,,,
,,,
,,,
,,,
,,,
,,,
,,,
,,,
,,,
,,,
,,,
,,,
,,,
,,,
,,,
,,,
,,,
,,,
,,,
,,,
,,,
,,,
,,,
,,,
,,,
,,,
,,,
,,,
,,,
,,,
,,,
,,,
,,,
,,,
,,,
,,,
,,,
,,,
,,,
,,,
,,,
,,,
,,,
,,,
,,,
,,,
,,,
,,,
,,,
,,,
,,,
,,,
,,,
,,,
,,,
,,,
,,,
,,,
,,,
,,,
,,,
,,,
,,,
,,,
,,,
,,,
,,,
,,,
,,,
,,,
,,,
,,,
,,,
,,,
,,,
,,,
,,,
,,,
,,,
,,,
,,,
,,,
,,,
,,,
,,,
,,,
,,,
,,,
,,,
,,,
,,,
,,,
,,,
,,,
,,,
,,,
,,,
,,,
,,,
,,,
,,,
,,,
,,,
,,,
,,,
,,,
,,,
,,,
,,,
,,,
,,,
,,,
,,,
,,,
,,,
,,,
,,,
,,,
,,,
,,,
,,,
,,,
,,,
,,,
,,,
,,,
,,,
,,,
,,,
,,,
,,,
,,,
,,,
,,,
,,,
,,,
,,,
,,,
,,,
,,,
,,,
,,,
,,,
,,,
,,,
,,,
,,,
,,,
,,,
,,,
,,,
,,,
,,,
,,,
,,,
,,,
,,,
,,,
,,,
,,,
,,,
,,,
,,,
,,,
,,,
,,,
,,,
,,,
,,,
,,,
,,,
,,,
,,,
,,,
,,,
,,,
,,,
,,,
,,,
,,,
,,,
,,,
,,,
,,,
,,,
,,,
,,,
,,,
,,,
,,,
,,,
,,,
,,,
,,,
,,,
,,,
,,,
,,,
,,,
,,,
,,,
,,,
,,,
,,,
,,,
,,,
,,,
,,,
,,,
,,,
,,,
,,,
,,,
,,,
,,,
,,,
,,,
,,,
,,,
,,,
,,,
,,,
,,,
,,,
,,,
,,,
,,,
,,,
,,,
,,,
,,,
,,,
,,,
,,,
,,,
,,,
,,,
,,,
,,,
,,,
,,,
,,,
,,,
,,,
,,,
,,,
,,,
,,,
,,,
,,,
,,,
,,,
,,,
,,,
,,,
,,,
,,,
,,,
,,,
,,,
,,,
,,,
,,,
,,,
,,,
,,,
,,,
,,,
,,,
,,,
,,,
,,,
,,,
,,,
,,,
,,,
,,,
,,,
,,,
,,,
,,,
,,,
,,,
,,,
,,,
,,,
,,,
,,,
,,,
,,,
,,,
,,,
,,,
,,,
,,,
,,,
,,,
,,,
,,,
,,,
,,,
,,,
,,,
,,,
,,,
,,,
,,,
,,,
,,,
,,,
,,,
,,,
,,,
,,,
,,,
,,,
,,,
,,,
,,,
,,,
,,,
,,,
,,,
,,,
,,,
,,,
,,,
,,,
,,,
,,,
,,,
,,,
,,,
,,,
,,,
,,,
,,,
,,,
,,,
,,,
,,,
,,,
,,,
,,,
,,,
,,,
,,,
,,,
,,,
,,,
,,,
,,,
,,,
,,,
,,,
,,,
,,,
,,,
,,,
,,,
,,,
,,,
,,,
,,,
,,,
,,,
,,,
,,,
,,,
,,,
,,,
,,,
,,,
,,,
,,,
,,,
,,,
,,,
,,,
,,,
,,,
,,,
,,,
,,,
,,,
,,,
,,,
,,,
,,,
,,,
,,,
,,,
,,,
,,,
,,,
,,,
,,,
,,,
,,,
,,,
,,,
,,,
,,,
,,,
,,,
,,,
,,,
,,,
,,,
,,,
,,,
,,,
,,,
,,,
,,,
,,,
,,,
,,,
,,,
,,,
,,,
,,,
,,,
,,,
,,,
,,,
,,,
,,,
,,,
,,,
,,,
,,,
,,,
,,,
,,,
,,,
,,,
,,,
,,,
,,,
,,,
,,,
,,,
,,,
,,,
,,,
,,,
,,,
,,,
,,,
,,,
,,,
,,,
,,,
,,,
,,,
,,,
,,,
,,,
,,,
,,,
,,,
,,,
,,,
,,,
,,,
,,,
,,,
,,,
,,,
,,,
,,,
,,,
,,,
,,,
,,,
,,,
,,,
,,,
,,,
,,,
,,,
,,,
,,,
,,,
,,,
,,,
,,,
,,,
,,,
,,,
,,,
,,,
,,,
,,,
,,,
,,,
,,,
,,,
,,,
,,,
,,,
,,,
,,,
,,,
,,,
,,,
,,,
,,,
,,,
,,,
,,,
,,,
,,,
,,,
,,,
,,,
,,,
,,,
,,,
,,,
,,,
,,,
,,,
,,,
,,,
,,,
,,,
,,,
,,,
,,,
,,,
,,,
,,,
,,,
,,,
,,,
,,,
,,,
,,,
,,,
,,,
,,,
,,,
,,,
,,,
,,,
,,,
,,,
,,,
,,,
,,,
,,,
,,,
,,,
,,,
,,,
,,,
,,,
,,,
,,,
,,,
,,,
,,,
,,,
,,,
,,,
,,,
,,,
,,,
,,,
,,,
,,,
,,,
,,,
,,,
,,,
,,,
,,,
,,,
,,,
,,,
,,,
,,,
,,,
,,,
,,,
,,,
,,,
,,,
,,,
,,,
,,,
,,,
,,,
,,,
,,,
,,,
,,,
,,,
,,,
,,,
,,,
,,,
,,,
,,,
,,,
,,,
,,,
,,,
,,,
,,,
,,,
,,,
,,,
,,,
,,,
,,,
,,,
,,,
,,,
,,,
,,,
,,,
,,,
,,,
,,,
,,,
,,,
,,,
,,,
,,,
,,,
,,,
,,,
,,,
,,,
,,,
,,,
,,,
,,,
,,,
,,,
,,,
,,,
,,,
,,,
,,,
,,,
,,,
,,,
,,,
,,,
,,,
,,,
,,,
,,,
,,,
,,,
,,,
,,,
,,,
,,,
,,,
,,,
,,,
,,,
,,,
,,,
,,,
,,,
,,,
,,,
,,,
,,,
,,,
,,,
,,,
,,,
,,,
,,,
,,,
,,,
,,,
,,,
,,,
,,,
,,,
,,,
,,,
,,,
,,,
,,,
,,,
,,,
,,,
,,,
,,,
,,,
,,,
,,,
,,,
,,,
,,,
,,,
,,,
,,,
,,,
,,,
,,,
,,,
,,,
,,,
,,,
,,,
,,,
,,,
,,,
,,,
,,,
,,,
,,,
,,,
,,,
,,,
,,,
,,,
,,,
,,,
,,,
,,,
,,,
,,,
,,,
,,,
,,,
,,,
,,,
,,,
,,,
,,,
,,,
,,,
,,,
,,,
,,,
,,,
,,,
,,,
,,,
,,,
,,,
,,,
,,,
,,,
,,,
,,,
,,,
,,,
,,,
,,,
,,,
,,,
,,,
,,,
,,,
,,,
,,,
,,,
,,,
,,,
,,,
,,,
,,,
,,,
,,,
,,,
,,,
,,,
,,,
,,,
,,,
,,,
,,,
,,,
,,,
,,,
,,,
,,,
,,,
,,,
,,,
,,,
,,,
,,,
,,,
,,,
,,,
,,,
,,,
,,,
,,,
,,,
,,,
,,,
,,,
,,,
,,,
,,,
,,,
,,,
,,,
,,,
,,,
,,,
,,,
,,,
,,,
,,,
,,,
,,,
,,,
,,,
,,,
,,,
,,,
,,,
,,,
,,,
,,,
,,,
,,,
,,,
,,,
,,,
,,,
,,,
,,,
,,,
,,,
,,,
,,,
,,,
,,,
,,,
,,,
,,,
,,,
,,,
,,,
,,,
,,,
,,,
,,,
,,,
,,,
,,,
,,,
,,,
,,,
,,,
,,,
,,,
,,,
,,,
,,,
,,,
,,,
,,,
,,,
,,,
,,,
,,,
,,,
,,,
,,,
,,,
,,,
,,,
,,,
,,,
,,,
,,,
,,,
,,,
,,,
,,,
,,,
,,,
,,,
,,,
,,,
,,,
,,,
,,,
,,,
,,,
,,,
,,,
,,,
,,,
,,,
,,,
,,,
,,,
,,,
,,,
,,,
,,,
,,,
,,,
,,,
,,,
,,,
,,,
,,,
,,,
,,,
,,,
,,,
,,,
,,,
,,,
,,,
,,,
,,,
,,,
,,,
,,,
,,,
,,,
,,,
,,,
,,,
,,,
,,,
,,,
,,,
,,,
,,,
,,,
,,,
,,,
,,,
,,,
,,,
,,,
,,,
,,,
,,,
,,,
,,,
,,,
,,,
,,,
,,,
,,,
,,,
,,,
,,,
,,,
,,,
,,,
,,,
,,,
,,,
,,,
,,,
,,,
,,,
,,,
,,,
,,,
,,,
,,,
,,,
,,,
,,,
,,,
,,,
,,,
,,,
,,,
,,,
,,,
,,,
,,,
,,,
,,,
,,,
,,,
,,,
,,,
,,,
,,,
,,,
,,,
,,,
,,,
,,,
,,,
,,,
,,,
,,,
,,,
,,,
,,,
,,,
,,,
,,,
,,,
,,,
,,,
,,,
,,,
,,,
,,,
,,,
,,,
,,,
,,,
,,,
,,,
,,,
,,,
,,,
,,,
,,,
,,,
,,,
,,,
,,,
,,,
,,,
,,,
,,,
,,,
,,,
,,,
,,,
,,,
,,,
,,,
,,,
,,,
,,,
,,,
,,,
,,,
,,,
,,,
,,,
,,,
,,,
,,,
,,,
,,,
,,,
,,,
,,,
,,,
,,,
,,,
,,,
,,,
,,,
,,,
,,,
,,,
,,,
,,,
,,,
,,,
,,,
,,,
,,,
,,,
,,,
,,,
,,,
,,,
,,,
,,,
,,,
,,,
,,,
,,,
,,,
,,,
,,,
,,,
,,,
,,,
,,,
,,,
,,,
,,,
,,,
,,,
,,,
,,,
,,,
,,,
,,,
,,,
,,,
,,,
,,,
,,,
,,,
,,,
,,,
,,,
,,,
,,,
,,,
,,,
,,,
,,,
,,,
,,,
,,,
,,,
,,,
,,,
,,,
,,,
,,,
,,,
,,,
,,,
,,,
,,,
,,,
,,,
,,,
,,,
,,,
,,,
,,,
,,,
,,,
,,,
,,,
,,,
,,,
,,,
,,,
,,,
,,,
,,,
,,,
,,,
,,,
,,,
,,,
,,,
,,,
,,,
,,,
,,,
,,,
,,,
,,,
,,,
,,,
,,,
,,,
,,,
,,,
,,,
,,,
,,,
,,,
,,,
,,,
,,,
,,,
,,,
,,,
,,,
,,,
,,,
,,,
,,,
,,,
,,,
,,,
,,,
,,,
,,,
,,,
,,,
,,,
,,,
,,,
,,,
,,,
,,,
,,,
,,,
,,,
,,,
,,,
,,,
,,,
,,,
,,,
,,,
,,,
,,,
,,,
,,,
,,,
,,,
,,,
,,,
,,,
,,,
,,,
,,,
,,,
,,,
,,,
,,,
,,,
,,,
,,,
,,,
,,,
,,,
,,,
,,,
,,,
,,,
,,,
,,,
,,,
,,,
,,,
,,,
,,,
,,,
,,,
,,,
,,,
,,,
,,,
,,,
,,,
,,,
,,,
,,,
,,,
,,,
,,,
,,,
,,,
,,,
,,,
,,,
,,,
,,,
,,,
,,,
,,,
,,,
,,,
,,,
,,,
,,,
,,,
,,,
,,,
,,,
,,,
,,,
,,,
,,,
,,,
,,,
,,,
,,,
,,,
,,,
,,,
,,,
,,,
,,,
,,,
,,,
,,,
,,,
,,,
,,,
,,,
,,,
,,,
,,,
,,,
,,,
,,,
,,,
,,,
,,,
,,,
,,,
,,,
,,,
,,,
,,,
,,,
,,,
,,,
,,,
,,,
,,,
,,,
,,,
,,,
,,,
,,,
,,,
,,,
,,,
,,,
,,,
,,,
,,,
,,,
,,,
,,,
,,,
,,,
,,,
,,,
,,,
,,,
,,,
,,,
,,,
,,,
,,,
,,,
,,,
,,,
,,,
,,,
,,,
,,,
,,,
,,,
,,,
,,,
,,,
,,,
,,,
,,,
,,,
,,,
,,,
,,,
,,,
,,,
,,,
,,,
,,,
,,,
,,,
,,,
,,,
,,,
,,,
,,,
,,,
,,,
,,,
,,,
,,,
,,,
,,,
,,,
,,,
,,,
,,,
,,,
,,,
,,,
,,,
,,,
,,,
,,,
,,,
,,,
,,,
,,,
,,,
,,,
,,,
,,,
,,,
,,,
,,,
,,,
,,,
,,,
,,,
,,,
,,,
,,,
,,,
,,,
,,,
,,,
,,,
,,,
,,,
,,,
,,,
,,,
,,,
,,,
,,,
,,,
,,,
,,,
,,,
,,,
,,,
,,,
,,,
,,,
,,,
,,,
,,,
,,,
,,,
,,,
,,,
,,,
,,,
,,,
,,,
,,,
,,,
,,,
,,,
,,,
,,,
,,,
,,,
,,,
,,,
,,,
,,,
,,,
,,,
,,,
,,,
,,,
,,,
,,,
,,,
,,,
,,,
,,,
,,,
,,,
,,,
,,,
,,,
,,,
,,,
,,,
,,,
,,,
,,,
,,,
,,,
,,,
,,,
,,,
,,,
,,,
,,,
,,,
,,,
,,,
,,,
,,,
,,,
,,,
,,,
,,,
,,,
,,,
,,,
,,,
,,,
,,,
,,,
,,,
,,,
,,,
,,,
,,,
,,,
,,,
,,,
,,,
,,,
,,,
,,,
,,,
,,,
,,,
,,,
,,,
,,,
,,,
,,,
,,,
,,,
,,,
,,,
,,,
,,,
,,,
,,,
,,,
,,,
,,,
,,,
,,,
,,,
,,,
,,,
,,,
,,,
,,,
,,,
,,,
,,,
,,,
,,,
,,,
,,,
,,,
,,,
,,,
,,,
,,,
,,,
,,,
,,,
,,,
,,,
,,,
,,,
,,,
,,,
,,,
,,,
,,,
,,,
,,,
,,,
,,,
,,,
,,,
,,,
,,,
,,,
,,,
,,,
,,,
,,,
,,,
,,,
,,,
,,,
,,,
,,,
,,,
,,,
,,,
,,,
,,,
,,,
,,,
,,,
,,,
,,,
,,,
,,,
,,,
,,,
,,,
,,,
,,,
,,,
,,,
,,,
,,,
,,,
,,,
,,,
,,,
,,,
,,,
,,,
,,,
,,,
,,,
,,,
,,,
,,,
,,,
,,,
,,,
,,,
,,,
,,,
,,,
,,,
,,,
,,,
,,,
,,,
,,,
,,,
,,,
,,,
,,,
,,,
,,,
,,,
,,,
,,,
,,,
,,,
,,,
,,,
,,,
,,,
,,,
,,,
,,,
,,,
,,,
,,,
,,,
,,,
,,,
,,,
,,,
,,,
,,,
,,,
,,,
,,,
,,,
,,,
,,,
,,,
,,,
,,,
,,,
,,,
,,,
,,,
,,,
,,,
,,,
,,,
,,,
,,,
,,,
,,,
,,,
,,,
,,,
,,,
,,,
,,,
,,,
,,,
,,,
,,,
,,,
,,,
,,,
,,,
,,,
,,,
,,,
,,,
,,,
,,,
,,,
,,,
,,,
,,,
,,,
,,,
,,,
,,,
,,,
,,,
,,,
,,,
,,,
,,,
,,,
,,,
,,,
,,,
,,,
,,,
,,,
,,,
,,,
,,,
,,,
,,,
,,,
,,,
,,,
,,,
,,,
,,,
,,,
,,,
,,,
,,,
,,,
,,,
,,,
,,,
,,,
,,,
,,,
,,,
,,,
,,,
,,,
,,,
,,,
,,,
,,,
,,,
,,,
,,,
,,,
,,,
,,,
,,,
,,,
,,,
,,,
,,,
,,,
,,,
,,,
,,,
,,,
,,,
,,,
,,,
,,,
,,,
,,,
,,,
,,,
,,,
,,,
,,,
,,,
,,,
,,,
,,,
,,,
,,,
,,,
,,,
,,,
,,,
,,,
,,,
,,,
,,,
,,,
,,,
,,,
,,,
,,,
,,,
,,,
,,,
,,,
,,,
,,,
,,,
,,,
,,,
,,,
,,,
,,,
,,,
,,,
,,,
,,,
,,,
,,,
,,,
,,,
,,,
,,,
,,,
,,,
,,,
,,,
,,,
,,,
,,,
,,,
,,,
,,,
,,,
,,,
,,,
,,,
,,,
,,,
,,,
,,,
,,,
,,,
,,,
,,,
,,,
,,,
,,,
,,,
,,,
,,,
,,,
,,,
,,,
,,,
,,,
,,,
,,,
,,,
,,,
,,,
,,,
,,,
,,,
,,,
,,,
,,,
,,,
,,,
,,,
,,,
,,,
,,,
,,,
,,,
,,,
,,,
,,,
,,,
,,,
,,,
,,,
,,,
,,,
,,,
,,,
,,,
,,,
,,,
,,,
,,,
,,,
,,,
,,,
,,,
,,,
,,,
,,,
,,,
,,,
,,,
,,,
,,,
,,,
,,,
,,,
,,,
,,,
,,,
,,,
,,,
,,,
,,,
,,,
,,,
,,,
,,,
,,,
,,,
,,,
,,,
,,,
,,,
,,,
,,,
,,,
,,,
,,,
,,,
,,,
,,,
,,,
,,,
,,,
,,,
,,,
,,,
,,,
,,,
,,,
,,,
,,,
,,,
,,,
,,,
,,,
,,,
,,,
,,,
,,,
,,,
,,,
,,,
,,,
,,,
,,,
,,,
,,,
,,,
,,,
,,,
,,,
,,,
,,,
,,,
,,,
,,,
,,,
,,,
,,,
,,,
,,,
,,,
,,,
,,,
,,,
,,,
,,,
,,,
,,,
,,,
,,,
,,,
,,,
,,,
,,,
,,,
,,,
,,,
,,,
,,,
,,,
,,,
,,,
,,,
,,,
,,,
,,,
,,,
,,,
,,,
,,,
,,,
,,,
,,,
,,,
,,,
,,,
,,,
,,,
,,,
,,,
,,,
,,,
,,,
,,,
,,,
,,,
,,,
,,,
,,,
,,,
,,,
,,,
,,,
,,,
,,,
,,,
,,,
,,,
,,,
,,,
,,,
,,,
,,,
,,,
,,,
,,,
,,,
,,,
,,,
,,,
,,,
,,,
,,,
,,,
,,,
,,,
,,,
,,,
,,,
,,,
,,,
,,,
,,,
,,,
,,,
,,,
,,,
,,,
,,,
,,,
,,,
,,,
,,,
,,,
,,,
,,,
,,,
,,,
,,,
,,,
,,,
,,,
,,,
,,,
,,,
,,,
,,,
,,,
,,,
,,,
,,,
,,,
,,,
,,,
,,,
,,,
,,,
,,,
,,,
,,,
,,,
,,,
,,,
,,,
,,,
,,,
,,,
,,,
,,,
,,,
,,,
,,,
,,,
,,,
,,,
,,,
,,,
,,,
,,,
,,,
,,,
,,,
,,,
,,,
,,,
,,,
,,,
,,,
,,,
,,,
,,,
,,,
,,,
,,,
,,,
,,,
,,,
,,,
,,,
,,,
,,,
,,,
,,,
,,,
,,,
,,,
,,,
,,,
,,,
,,,
,,,
,,,
,,,
,,,
,,,
,,,
,,,
,,,
,,,
,,,
,,,
,,,
,,,
,,,
,,,
,,,
,,,
,,,
,,,
,,,
,,,
,,,
,,,
,,,
,,,
,,,
,,,
,,,
,,,
,,,
,,,
,,,
,,,
,,,
,,,
,,,
,,,
,,,
,,,
,,,
,,,
,,,
,,,
,,,
,,,
,,,
,,,
,,,
,,,
,,,
,,,
,,,
,,,
,,,
,,,
,,,
,,,
,,,
,,,
,,,
,,,
,,,
,,,
,,,
,,,
,,,
,,,
,,,
,,,
,,,
,,,
,,,
,,,
,,,
,,,
,,,
,,,
,,,
,,,
,,,
,,,
,,,
,,,
,,,
,,,
,,,
,,,
,,,
,,,
,,,
,,,
,,,
,,,
,,,
,,,
,,,
,,,
,,,
,,,
,,,
,,,
,,,
,,,
,,,
,,,
,,,
,,,
,,,
,,,
,,,
,,,
,,,
,,,
,,,
,,,
,,,
,,,
,,,
,,,
,,,
,,,
,,,
,,,
,,,
,,,
,,,
,,,
,,,
,,,
,,,
,,,
,,,
,,,
,,,
,,,
,,,
,,,
,,,
,,,
,,,
,,,
,,,
,,,
,,,
,,,
,,,
,,,
,,,
,,,
,,,
,,,
,,,
,,,
,,,
,,,
,,,
,,,
,,,
,,,
,,,
,,,
,,,
,,,
,,,
,,,
,,,
,,,
,,,
,,,
,,,
,,,
,,,
,,,
,,,
,,,
,,,
,,,
,,,
,,,
,,,
,,,
,,,
,,,
,,,
,,,
,,,
,,,
,,,
,,,
,,,
,,,
,,,
,,,
,,,
,,,
,,,
,,,
,,,
,,,
,,,
,,,
,,,
,,,
,,,
,,,
,,,
,,,
,,,
,,,
,,,
,,,
,,,
,,,
,,,
,,,
,,,
,,,
,,,
,,,
,,,
,,,
,,,
,,,
,,,
,,,
,,,
,,,
,,,
,,,
,,,
,,,
,,,
,,,
,,,
,,,
,,,
,,,
,,,
,,,
,,,
,,,
,,,
,,,
,,,
,,,
,,,
,,,
,,,
,,,
,,,
,,,
,,,
,,,
,,,
,,,
,,,
,,,
,,,
,,,
,,,
,,,
,,,
,,,
,,,
,,,
,,,
,,,
,,,
,,,
,,,
,,,
,,,
,,,
,,,
,,,
,,,
,,,
,,,
,,,
,,,
,,,
,,,
,,,
,,,
,,,
,,,
,,,
,,,
,,,
,,,
,,,
,,,
,,,
,,,
,,,
,,,
,,,
,,,
,,,
,,,
,,,
,,,
,,,
,,,
,,,
,,,
,,,
,,,
,,,
,,,
,,,
,,,
,,,
,,,
,,,
,,,
,,,
,,,
,,,
,,,
,,,
,,,
,,,
,,,
,,,
,,,
,,,
,,,
,,,
,,,
,,,
,,,
,,,
,,,
,,,
,,,
,,,
,,,
,,,
,,,
,,,
,,,
,,,
,,,
,,,
,,,
,,,
,,,
,,,
,,,
,,,
,,,
,,,
,,,
,,,
,,,
,,,
,,,
,,,
,,,
,,,
,,,
,,,
,,,
,,,
,,,
,,,
,,,
,,,
,,,
,,,
,,,
,,,
,,,
,,,
,,,
,,,
,,,
,,,
,,,
,,,
,,,
,,,
,,,
,,,
,,,
,,,
,,,
,,,
,,,
,,,
,,,
,,,
,,,
,,,
,,,
,,,
,,,
,,,
,,,
,,,
,,,
,,,
,,,
,,,
,,,
,,,
,,,
,,,
,,,
,,,
,,,
,,,
,,,
,,,
,,,
,,,
,,,
,,,
,,,
,,,
,,,
,,,
,,,
,,,
,,,
,,,
,,,
,,,
,,,
,,,
,,,
,,,
,,,
,,,
,,,
,,,
,,,
,,,
,,,
,,,
,,,
,,,
,,,
,,,
,,,
,,,
,,,
,,,
,,,
,,,
,,,
,,,
,,,
,,,
,,,
,,,
,,,
,,,
,,,
,,,
,,,
,,,
,,,
,,,
,,,
,,,
,,,
,,,
,,,
,,,
,,,
,,,
,,,
,,,
,,,
,,,
,,,
,,,
,,,
,,,
,,,
,,,
,,,
,,,
,,,
,,,
,,,
,,,
,,,
,,,
,,,
,,,
,,,
,,,
,,,
,,,
,,,
,,,
,,,
,,,
,,,
,,,
,,,
,,,
,,,
,,,
,,,
,,,
,,,
,,,
,,,
,,,
,,,
,,,
,,,
,,,
,,,
,,,
,,,
,,,
,,,
,,,
,,,
,,,
,,,
,,,
,,,
,,,
,,,
,,,
,,,
,,,
,,,
,,,
,,,
,,,
,,,
,,,
,,,
,,,
,,,
,,,
,,,
,,,
,,,
,,,
,,,
,,,
,,,
,,,
,,,
,,,
,,,
,,,
,,,
,,,
,,,
,,,
,,,
,,,
,,,
,,,
,,,
,,,
,,,
,,,
,,,
,,,
,,,
,,,
,,,
,,,
,,,
,,,
,,,
,,,
,,,
,,,
,,,
,,,
,,,
,,,
,,,
,,,
,,,
,,,
,,,
,,,
,,,
,,,
,,,
,,,
,,,
,,,
,,,
,,,
,,,
,,,
,,,
,,,
,,,
,,,
,,,
,,,
,,,
,,,
,,,
,,,
,,,
,,,
,,,
,,,
,,,
,,,
,,,
,,,
,,,
,,,
,,,
,,,
,,,
,,,
,,,
,,,
,,,
,,,
,,,
,,,
,,,
,,,
,,,
,,,
,,,
,,,
,,,
,,,
,,,
,,,
,,,
,,,
,,,
,,,
,,,
,,,
,,,
,,,
,,,
,,,
,,,
,,,
,,,
,,,
,,,
,,,
,,,
,,,
,,,
,,,
,,,
,,,
,,,
,,,
,,,
,,,
,,,
,,,
,,,
,,,
,,,
,,,
,,,
,,,
,,,
,,,
,,,
,,,
,,,
,,,
,,,
,,,
,,,
,,,
,,,
,,,
,,,
,,,
,,,
,,,
,,,
,,,
,,,
,,,
,,,
,,,
,,,
,,,
,,,
,,,
,,,
,,,
,,,
,,,
,,,
,,,
,,,
,,,
,,,
,,,
,,,
,,,
,,,
,,,
,,,
,,,
,,,
,,,
,,,
,,,
,,,
,,,
,,,
,,,
,,,
,,,
,,,
,,,
,,,
,,,
,,,
,,,
,,,
,,,
,,,
,,,
,,,
,,,
,,,
,,,
,,,
,,,
,,,
,,,
,,,
,,,
,,,
,,,
,,,
,,,
,,,
,,,
,,,
,,,
,,,
,,,
,,,
,,,
,,,
,,,
,,,
,,,
,,,
,,,
,,,
,,,
,,,
,,,
,,,
,,,
,,,
,,,
,,,
,,,
,,,
,,,
,,,
,,,
,,,
,,,
,,,
,,,
,,,
,,,
,,,
,,,
,,,
,,,
,,,
,,,
,,,
,,,
,,,
,,,
,,,
,,,
,,,
,,,
,,,
,,,
,,,
,,,
,,,
,,,
,,,
,,,
,,,
,,,
,,,
,,,
,,,
,,,
,,,
,,,
,,,
,,,
,,,
,,,
,,,
,,,
,,,
,,,
,,,
,,,
,,,
,,,
,,,
,,,
,,,
,,,
,,,
,,,
,,,
,,,
,,,
,,,
,,,
,,,
,,,
,,,
,,,
,,,
,,,
,,,
,,,
,,,
,,,
,,,
,,,
,,,
,,,
,,,
,,,
,,,
,,,
,,,
,,,
,,,
,,,
,,,
,,,
,,,
,,,
,,,
,,,
,,,
,,,
,,,
,,,
,,,
,,,
,,,
,,,
,,,
,,,
,,,
,,,
,,,
,,,
,,,
,,,
,,,
,,,
,,,
,,,
,,,
,,,
,,,
,,,
,,,
,,,
,,,
,,,
,,,
,,,
,,,
,,,
,,,
,,,
,,,
,,,
,,,
,,,
,,,
,,,
,,,
,,,
,,,
,,,
,,,
,,,
,,,
,,,
,,,
,,,
,,,
,,,
,,,
,,,
,,,
,,,
,,,
,,,
,,,
,,,
,,,
,,,
,,,
,,,
,,,
,,,
,,,
,,,
,,,
,,,
,,,
,,,
,,,
,,,
,,,
,,,
,,,
,,,
,,,
,,,
,,,
,,,
,,,
,,,
,,,
,,,
,,,
,,,
,,,
,,,
,,,
,,,
,,,
,,,
,,,
,,,
,,,
,,,
,,,
,,,
,,,
,,,
,,,
,,,
,,,
,,,
,,,
,,,
,,,
,,,
,,,
,,,
,,,
,,,
,,,
,,,
,,,
,,,
,,,
,,,
,,,
,,,
,,,
,,,
,,,
,,,
,,,
,,,
,,,
,,,
,,,
,,,
,,,
,,,
,,,
,,,
,,,
,,,
,,,
,,,
,,,
,,,
,,,
,,,
,,,
,,,
,,,
,,,
,,,
,,,
,,,
,,,
,,,
,,,
,,,
,,,
,,,
,,,
,,,
,,,
,,,
,,,
,,,
,,,
,,,
,,,
,,,
,,,
,,,
,,,
,,,
,,,
,,,
,,,
,,,
,,,
,,,
,,,
,,,
,,,
,,,
,,,
,,,
,,,
,,,
,,,
,,,
,,,
,,,
,,,
,,,
,,,
,,,
,,,
,,,
,,,
,,,
,,,
,,,
,,,
,,,
,,,
,,,
,,,
,,,
,,,
,,,
,,,
,,,
,,,
,,,
,,,
,,,
,,,
,,,
,,,
,,,
,,,
,,,
,,,
,,,
,,,
,,,
,,,
,,,
,,,
,,,
,,,
,,,
,,,
,,,
,,,
,,,
,,,
,,,
,,,
,,,
,,,
,,,
,,,
,,,
,,,
,,,
,,,
,,,
,,,
,,,
,,,
,,,
,,,
,,,
,,,
,,,
,,,
,,,
,,,
,,,
,,,
,,,
,,,
,,,
,,,
,,,
,,,
,,,
,,,
,,,
,,,
,,,
,,,
,,,
,,,
,,,
,,,
,,,
,,,
,,,
,,,
,,,
,,,
,,,
,,,
,,,
,,,
,,,
,,,
,,,
,,,
,,,
,,,
,,,
,,,
,,,
,,,
,,,
,,,
,,,
,,,
,,,
,,,
,,,
,,,
,,,
,,,
,,,
,,,
,,,
,,,
,,,
,,,
,,,
,,,
,,,
,,,
,,,
,,,
,,,
,,,
,,,
,,,
,,,
,,,
,,,
,,,
,,,
,,,
,,,
,,,
,,,
,,,
,,,
,,,
,,,
,,,
,,,
,,,
,,,
,,,
,,,
,,,
,,,
,,,
,,,
,,,
,,,
,,,
,,,
,,,
,,,
,,,
,,,
,,,
,,,
,,,
,,,
,,,
,,,
,,,
,,,
,,,
,,,
,,,
,,,
,,,
,,,
,,,
,,,
,,,
,,,
,,,
,,,
,,,
,,,
,,,
,,,
,,,
,,,
,,,
,,,
,,,
,,,
,,,
,,,
,,,
,,,
,,,
,,,
,,,
,,,
,,,
,,,
,,,
,,,
,,,
,,,
,,,
,,,
,,,
,,,
,,,
,,,
,,,
,,,
,,,
,,,
,,,
,,,
,,,
,,,
,,,
,,,
,,,
,,,
,,,
,,,
,,,
,,,
,,,
,,,
,,,
,,,
,,,
,,,
,,,
,,,
,,,
,,,
,,,
,,,
,,,
,,,
,,,
,,,
,,,
,,,
,,,
,,,
,,,
,,,
,,,
,,,
,,,
,,,
,,,
,,,
,,,
,,,
,,,
,,,
,,,
,,,
,,,
,,,
,,,
,,,
,,,
,,,
,,,
,,,
,,,
,,,
,,,
,,,
,,,
,,,
,,,
,,,
,,,
,,,
,,,
,,,
,,,
,,,
,,,
,,,
,,,
,,,
,,,
,,,
,,,
,,,
,,,
,,,
,,,
,,,
,,,
,,,
,,,
,,,
,,,
,,,
,,,
,,,
,,,
,,,
,,,
,,,
,,,
,,,
,,,
,,,
,,,
,,,
,,,
,,,
,,,
,,,
,,,
,,,
,,,
,,,
,,,
,,,
,,,
,,,
,,,
,,,
,,,
,,,
,,,
,,,
,,,
,,,
,,,
,,,
,,,
,,,
,,,
,,,
,,,
,,,
,,,
,,,
,,,
,,,
,,,
,,,
,,,
,,,
,,,
,,,
,,,
,,,
,,,
,,,
,,,
,,,
,,,
,,,
,,,
,,,
,,,
,,,
,,,
,,,
,,,
,,,
,,,
,,,
,,,
,,,
,,,
,,,
,,,
,,,
,,,
,,,
,,,
,,,
,,,
,,,
,,,
,,,
,,,
,,,
,,,
,,,
,,,
,,,
,,,
,,,
,,,
,,,
,,,
,,,
,,,
,,,
,,,
,,,
,,,
,,,
,,,
,,,
,,,
,,,
,,,
,,,
,,,
,,,
,,,
,,,
,,,
,,,
,,,
,,,
,,,
,,,
,,,
,,,
,,,
,,,
,,,
,,,
,,,
,,,
,,,
,,,
,,,
,,,
,,,
,,,
,,,
,,,
,,,
,,,
,,,
,,,
,,,
,,,
,,,
,,,
,,,
,,,
,,,
,,,
,,,
,,,
,,,
,,,
,,,
,,,
,,,
,,,
,,,
,,,
,,,
,,,
,,,
,,,
,,,
,,,
,,,
,,,
,,,
,,,
,,,
,,,
,,,
,,,
,,,
,,,
,,,
,,,
,,,
,,,
,,,
,,,
,,,
,,,
,,,
,,,
,,,
,,,
,,,
,,,
,,,
,,,
,,,
,,,
,,,
,,,
,,,
,,,
,,,
,,,
,,,
,,,
,,,
,,,
,,,
,,,
,,,
,,,
,,,
,,,
,,,
,,,
,,,
,,,
,,,
,,,
,,,
,,,
,,,
,,,
,,,
,,,
,,,
,,,
,,,
,,,
,,,
,,,
,,,
,,,
,,,
,,,
,,,
,,,
,,,
,,,
,,,
,,,
,,,
,,,
,,,
,,,
,,,
,,,
,,,
,,,
,,,
,,,
,,,
,,,
,,,
,,,
,,,
,,,
,,,
,,,
,,,
,,,
,,,
,,,
,,,
,,,
,,,
,,,
,,,
,,,
,,,
,,,
,,,
,,,
,,,
,,,
,,,
,,,
,,,
,,,
,,,
,,,
,,,
,,,
,,,
,,,
,,,
,,,
,,,
,,,
,,,
,,,
,,,
,,,
,,,
,,,
,,,
,,,
,,,
,,,
,,,
,,,
,,,
,,,
,,,
,,,
,,,
,,,
,,,
,,,
,,,
,,,
,,,
,,,
,,,
,,,
,,,
,,,
,,,
,,,
,,,
,,,
,,,
,,,
,,,
,,,
,,,
,,,
,,,
,,,
,,,
,,,
,,,
,,,
,,,
,,,
,,,
,,,
,,,
,,,
,,,
,,,
,,,
,,,
,,,
,,,
,,,
,,,
,,,
,,,
,,,
,,,
,,,
,,,
,,,
,,,
,,,
,,,
,,,
,,,
,,,
,,,
,,,
,,,
,,,
,,,
,,,
,,,
,,,
,,,
,,,
,,,
,,,
,,,
,,,
,,,
,,,
,,,
,,,
,,,
,,,
,,,
,,,
,,,
,,,
,,,
,,,
,,,
,,,
,,,
,,,
,,,
,,,
,,,
,,,
,,,
,,,
,,,
,,,
,,,
,,,
,,,
,,,
,,,
,,,
,,,
,,,
,,,
,,,
,,,
,,,
,,,
,,,
,,,
,,,
,,,
,,,
,,,
,,,
,,,
,,,
,,,
,,,
,,,
,,,
,,,
,,,
,,,
,,,
,,,
,,,
,,,
,,,
,,,
,,,
,,,
,,,
,,,
,,,
,,,
,,,
,,,
,,,
,,,
,,,
,,,
,,,
,,,
,,,
,,,
,,,
,,,
,,,
,,,
,,,
,,,
,,,
,,,
,,,
,,,
,,,
,,,
,,,
,,,
,,,
,,,
,,,
,,,
,,,
,,,
,,,
,,,
,,,
,,,
,,,
,,,
,,,
,,,
,,,
,,,
,,,
,,,
,,,
,,,
,,,
,,,
,,,
,,,
,,,
,,,
,,,
,,,
,,,
,,,
,,,
,,,
,,,
,,,
,,,
,,,
,,,
,,,
,,,
,,,
,,,
,,,
,,,
,,,
,,,
,,,
,,,
,,,
,,,
,,,
,,,
,,,
,,,
,,,
,,,
,,,
,,,
,,,
,,,
,,,
,,,
,,,
,,,
,,,
,,,
,,,
,,,
,,,
,,,
,,,
,,,
,,,
,,,
,,,
,,,
,,,
,,,
,,,
,,,
,,,
,,,
,,,
,,,
,,,
,,,
,,,
,,,
,,,
,,,
,,,
,,,
,,,
,,,
,,,
,,,
,,,
,,,
,,,
,,,
,,,
,,,
,,,
,,,
,,,
,,,
,,,
,,,
,,,
,,,
,,,
,,,
,,,
,,,
,,,
,,,
,,,
,,,
,,,
,,,
,,,
,,,
,,,
,,,
,,,
,,,
,,,
,,,
,,,
,,,
,,,
,,,
,,,
,,,
,,,
,,,
,,,
,,,
,,,
,,,
,,,
,,,
,,,
,,,
,,,
,,,
,,,
,,,
,,,
,,,
,,,
,,,
,,,
,,,
,,,
,,,
,,,
,,,
,,,
,,,
,,,
,,,
,,,
,,,
,,,
,,,
,,,
,,,
,,,
,,,
,,,
,,,
,,,
,,,
,,,
,,,
,,,
,,,
,,,
,,,
,,,
,,,
,,,
,,,
,,,
,,,
,,,
,,,
,,,
,,,
,,,
,,,
,,,
,,,
,,,
,,,
,,,
,,,
,,,
,,,
,,,
,,,
,,,
,,,
,,,
,,,
,,,
,,,
,,,
,,,
,,,
,,,
,,,
,,,
,,,
,,,
,,,
,,,
,,,
,,,
,,,
,,,
,,,
,,,
,,,
,,,
,,,
,,,
,,,
,,,
,,,
,,,
,,,
,,,
,,,
,,,
,,,
,,,
,,,
,,,
,,,
,,,
,,,
,,,
,,,
,,,
,,,
,,,
,,,
,,,
,,,
,,,
,,,
,,,
,,,
,,,
,,,
,,,
,,,
,,,
,,,
,,,
,,,
,,,
,,,
,,,
,,,
,,,
,,,
,,,
,,,
,,,
,,,
,,,
,,,
,,,
,,,
,,,
,,,
,,,
,,,
,,,
,,,
,,,
,,,
,,,
,,,
,,,
,,,
,,,
,,,
,,,
,,,
,,,
,,,
,,,
,,,
,,,
,,,
,,,
,,,
,,,
,,,
,,,
,,,
,,,
,,,
,,,
,,,
,,,
,,,
,,,
,,,
,,,
,,,
,,,
,,,
,,,
,,,
,,,
,,,
,,,
,,,
,,,
,,,
,,,
,,,
,,,
,,,
,,,
,,,
,,,
,,,
,,,
,,,
,,,
,,,
,,,
,,,
,,,
,,,
,,,
,,,
,,,
,,,
,,,
,,,
,,,
,,,
,,,
,,,
,,,
,,,
,,,
,,,
,,,
,,,
,,,
,,,
,,,
,,,
,,,
,,,
,,,
,,,
,,,
,,,
,,,
,,,
,,,
,,,
,,,
,,,
,,,
,,,
,,,
,,,
,,,
,,,
,,,
,,,
,,,
,,,
,,,
,,,
,,,
,,,
,,,
,,,
,,,
,,,
,,,
,,,
,,,
,,,
,,,
,,,
,,,
,,,
,,,
,,,
,,,
,,,
,,,
,,,
,,,
,,,
,,,
,,,
,,,
,,,
,,,
,,,
,,,
,,,
,,,
,,,
,,,
,,,
,,,
,,,
,,,
,,,
,,,
,,,
,,,
,,,
,,,
,,,
,,,
,,,
,,,
,,,
,,,
,,,
,,,
,,,
,,,
,,,
,,,
,,,
,,,
,,,
,,,
,,,
,,,
,,,
,,,
,,,
,,,
,,,
,,,
,,,
,,,
,,,
,,,
,,,
,,,
,,,
,,,
,,,
,,,
,,,
,,,
,,,
,,,
,,,
,,,
,,,
,,,
,,,
,,,
,,,
,,,
,,,
,,,
,,,
,,,
,,,
,,,
,,,
,,,
,,,
,,,
,,,
,,,
,,,
,,,
,,,
,,,
,,,
,,,
,,,
,,,
,,,
,,,
,,,
,,,
,,,
,,,
,,,
,,,
,,,
,,,
,,,
,,,
,,,
,,,
,,,
,,,
,,,
,,,
,,,
,,,
,,,
,,,
,,,
,,,
,,,
,,,
,,,
,,,
,,,
,,,
,,,
,,,
,,,
,,,
,,,
,,,
,,,
,,,
,,,
,,,
,,,
,,,
,,,
,,,
,,,
,,,
,,,
,,,
,,,
,,,
,,,
,,,
,,,
,,,
,,,
,,,
,,,
,,,
,,,
,,,
,,,
,,,
,,,
,,,
,,,
,,,
,,,
,,,
,,,
,,,
,,,
,,,
,,,
,,,
,,,
,,,
,,,
,,,
,,,
,,,
,,,
,,,
,,,
,,,
,,,
,,,
,,,
,,,
,,,
,,,
,,,
,,,
,,,
,,,
,,,
,,,
,,,
,,,
,,,
,,,
,,,
,,,
,,,
,,,
,,,
,,,
,,,
,,,
,,,
,,,
,,,
,,,
,,,
,,,
,,,
,,,
,,,
,,,
,,,
,,,
,,,
,,,
,,,
,,,
,,,
,,,
,,,
,,,
,,,
,,,
,,,
,,,
,,,
,,,
,,,
,,,
,,,
,,,
,,,
,,,
,,,
,,,
,,,
,,,
,,,
,,,
,,,
,,,
,,,
,,,
,,,
,,,
,,,
,,,
,,,
,,,
,,,
,,,
,,,
,,,
,,,
,,,
,,,
,,,
,,,
,,,
,,,
,,,
,,,
,,,
,,,
,,,
,,,
,,,
,,,
,,,
,,,
,,,
,,,
,,,
,,,
,,,
,,,
,,,
,,,
,,,
,,,
,,,
,,,
,,,
,,,
,,,
,,,
,,,
,,,
,,,
,,,
,,,
,,,
,,,
,,,
,,,
,,,
,,,
,,,
,,,
,,,
,,,
,,,
,,,
,,,
,,,
,,,
,,,
,,,
,,,
,,,
,,,
,,,
,,,
,,,
,,,
,,,
,,,
,,,
,,,
,,,
,,,
,,,
,,,
,,,
,,,
,,,
,,,
,,,
,,,
,,,
,,,
,,,
,,,
,,,
,,,
,,,
,,,
,,,
,,,
,,,
,,,
,,,
,,,
,,,
,,,
,,,
,,,
,,,
,,,
,,,
,,,
,,,
,,,
,,,
,,,
,,,
,,,
,,,
,,,
,,,
,,,
,,,
,,,
,,,
,,,
,,,
,,,
,,,
,,,
,,,
,,,
,,,
,,,
,,,
,,,
,,,
,,,
,,,
,,,
,,,
,,,
,,,
,,,
,,,
,,,
,,,
,,,
,,,
,,,
,,,
,,,
,,,
,,,
,,,
,,,
,,,
,,,
,,,
,,,
,,,
,,,
,,,
,,,
,,,
,,,
,,,
,,,
,,,
,,,
,,,
,,,
,,,
,,,
,,,
,,,
,,,
,,,
,,,
,,,
,,,
,,,
,,,
,,,
,,,
,,,
,,,
,,,
,,,
,,,
,,,
,,,
,,,
,,,
,,,
,,,
,,,
,,,
,,,
,,,
,,,
,,,
,,,
,,,
,,,
,,,
,,,
,,,
,,,
,,,
,,,
,,,
,,,
,,,
,,,
,,,
,,,
,,,
,,,
,,,
,,,
,,,
,,,
,,,
,,,
,,,
,,,
,,,
,,,
,,,
,,,
,,,
,,,
,,,
,,,
,,,
,,,
,,,
,,,
,,,
,,,
,,,
,,,
,,,
,,,
,,,
,,,
,,,
,,,
,,,
,,,
,,,
,,,
,,,
,,,
,,,
,,,
,,,
,,,
,,,
,,,
,,,
,,,
,,,
,,,
,,,
,,,
,,,
,,,
,,,
,,,
,,,
,,,
,,,
,,,
,,,
,,,
,,,
,,,
,,,
,,,
,,,
,,,
,,,
,,,
,,,
,,,
,,,
,,,
,,,
,,,
,,,
,,,
,,,
,,,
,,,
,,,
,,,
,,,
,,,
,,,
,,,
,,,
,,,
,,,
,,,
,,,
,,,
,,,
,,,
,,,
,,,
,,,
,,,
,,,
,,,
,,,
,,,
,,,
,,,
,,,
,,,
,,,
,,,
,,,
,,,
,,,
,,,
,,,
,,,
,,,
,,,
,,,
,,,
,,,
,,,
,,,
,,,
,,,
,,,
,,,
,,,
,,,
,,,
,,,
,,,
,,,
,,,
,,,
,,,
,,,
,,,
,,,
,,,
,,,
,,,
,,,
,,,
,,,
,,,
,,,
,,,
,,,
,,,
,,,
,,,
,,,
,,,
,,,
,,,
,,,
,,,
,,,
,,,
,,,
,,,
,,,
,,,
,,,
,,,
,,,
,,,
,,,
,,,
,,,
,,,
,,,
,,,
,,,
,,,
,,,
,,,
,,,
,,,
,,,
,,,
,,,
,,,
,,,
,,,
,,,
,,,
,,,
,,,
,,,
,,,
,,,
,,,
,,,
,,,
,,,
,,,
,,,
,,,
,,,
,,,
,,,
,,,
,,,
,,,
,,,
,,,
,,,
,,,
,,,
,,,
,,,
,,,
,,,
,,,
,,,
,,,
,,,
,,,
,,,
,,,
,,,
,,,
,,,
,,,
,,,
,,,
,,,
,,,
,,,
,,,
,,,
,,,
,,,
,,,
,,,
,,,
,,,
,,,
,,,
,,,
,,,
,,,
,,,
,,,
,,,
,,,
,,,
,,,
,,,
,,,
,,,
,,,
,,,
,,,
,,,
,,,
,,,
,,,
,,,
,,,
,,,
,,,
,,,
,,,
,,,
,,,
,,,
,,,
,,,
,,,
,,,
,,,
,,,
,,,
,,,
,,,
,,,
,,,
,,,
,,,
,,,
,,,
,,,
,,,
,,,
,,,
,,,
,,,
,,,
,,,
,,,
,,,
,,,
,,,
,,,
,,,
,,,
,,,
,,,
,,,
,,,
,,,
,,,
,,,
,,,
,,,
,,,
,,,
,,,
,,,
,,,
,,,
,,,
,,,
,,,
,,,
,,,
,,,
,,,
,,,
,,,
,,,
,,,
,,,
,,,
,,,
,,,
,,,
,,,
,,,
,,,
,,,
,,,
,,,
,,,
,,,
,,,
,,,
,,,
,,,
,,,
,,,
,,,
,,,
,,,
,,,
,,,
,,,
,,,
,,,
,,,
,,,
,,,
,,,
,,,
,,,
,,,
,,,
,,,
,,,
,,,
,,,
,,,
,,,
,,,
,,,
,,,
,,,
,,,
,,,
,,,
,,,
,,,
,,,
,,,
,,,
,,,
,,,
,,,
,,,
,,,
,,,
,,,
,,,
,,,
,,,
,,,
,,,
,,,
,,,
,,,
,,,
,,,
,,,
,,,
,,,
,,,
,,,
,,,
,,,
,,,
,,,
,,,
,,,
,,,
,,,
,,,
,,,
,,,
,,,
,,,
,,,
,,,
,,,
,,,
,,,
,,,
,,,
,,,
,,,
,,,
,,,
,,,
,,,
,,,
,,,
,,,
,,,
,,,
,,,
,,,
,,,
,,,
,,,
,,,
,,,
,,,
,,,
,,,
,,,
,,,
,,,
,,,
,,,
,,,
,,,
,,,
,,,
,,,
,,,
,,,
,,,
,,,
,,,
,,,
,,,
,,,
,,,
,,,
,,,
,,,
,,,
,,,
,,,
,,,
,,,
,,,
,,,
,,,
,,,
,,,
,,,
,,,
,,,
,,,
,,,
,,,
,,,
,,,
,,,
,,,
,,,
,,,
,,,
,,,
,,,
,,,
,,,
,,,
,,,
,,,
,,,
,,,
,,,
,,,
,,,
,,,
,,,
,,,
,,,
,,,
,,,
,,,
,,,
,,,
,,,
,,,
,,,
,,,
,,,
,,,
,,,
,,,
,,,
,,,
,,,
,,,
,,,
,,,
,,,
,,,
,,,
,,,
,,,
,,,
,,,
,,,
,,,
,,,
,,,
,,,
,,,
,,,
,,,
,,,
,,,
,,,
,,,
,,,
,,,
,,,
,,,
,,,
,,,
,,,
,,,
,,,
,,,
,,,
,,,
,,,
,,,
,,,
,,,
,,,
,,,
,,,
,,,
,,,
,,,
,,,
,,,
,,,
,,,
,,,
,,,
,,,
,,,
,,,
,,,
,,,
,,,
,,,
,,,
,,,
,,,
,,,
,,,
,,,
,,,
,,,
,,,
,,,
,,,
,,,
,,,
,,,
,,,
,,,
,,,
,,,
,,,
,,,
,,,
,,,
,,,
,,,
,,,
,,,
,,,
,,,
,,,
,,,
,,,
,,,
,,,
,,,
,,,
,,,
,,,
,,,
,,,
,,,
,,,
,,,
,,,
,,,
,,,
,,,
,,,
,,,
,,,
,,,
,,,
,,,
,,,
,,,
,,,
,,,
,,,
,,,
,,,
,,,
,,,
,,,
,,,
,,,
,,,
,,,
,,,
,,,
,,,
,,,
,,,
,,,
,,,
,,,
,,,
,,,
,,,
,,,
,,,
,,,
,,,
,,,
,,,
,,,
,,,
,,,
,,,
,,,
,,,
,,,
,,,
,,,
,,,
,,,
,,,
,,,
,,,
,,,
,,,
,,,
,,,
,,,
,,,
,,,
,,,
,,,
,,,
,,,
,,,
,,,
,,,
,,,
,,,
,,,
,,,
,,,
,,,
,,,
,,,
,,,
,,,
,,,
,,,
,,,
,,,
,,,
,,,
,,,
,,,
,,,
,,,
,,,
,,,
,,,
,,,
,,,
,,,
,,,
,,,
,,,
,,,
,,,
,,,
,,,
,,,
,,,
,,,
,,,
,,,
,,,
,,,
,,,
,,,
,,,
,,,
,,,
,,,
,,,
,,,
,,,
,,,
,,,
,,,
,,,
,,,
,,,
,,,
,,,
,,,
,,,
,,,
,,,
,,,
,,,
,,,
,,,
,,,
,,,
,,,
,,,
,,,
,,,
,,,
,,,
,,,
,,,
,,,
,,,
,,,
,,,
,,,
,,,
,,,
,,,
,,,
,,,
,,,
,,,
,,,
,,,
,,,
,,,
,,,
,,,
,,,
,,,
,,,
,,,
,,,
,,,
,,,
,,,
,,,
,,,
,,,
,,,
,,,
,,,
,,,
,,,
,,,
,,,
,,,
,,,
,,,
,,,
,,,
,,,
,,,
,,,
,,,
,,,
,,,
,,,
,,,
,,,
,,,
,,,
,,,
,,,
,,,
,,,
,,,
,,,
,,,
,,,
,,,
,,,
,,,
,,,
,,,
,,,
,,,
,,,
,,,
,,,
,,,
,,,
,,,
,,,
,,,
,,,
,,,
,,,
,,,
,,,
,,,
,,,
,,,
,,,
,,,
,,,
,,,
,,,
,,,
,,,
,,,
,,,
,,,
,,,
,,,
,,,
,,,
,,,
,,,
,,,
,,,
,,,
,,,
,,,
,,,
,,,
,,,
,,,
,,,
,,,
,,,
,,,
,,,
,,,
,,,
,,,
,,,
,,,
,,,
,,,
,,,
,,,
,,,
,,,
,,,
,,,
,,,
,,,
,,,
,,,
,,,
,,,
,,,
,,,
,,,
,,,
,,,
,,,
,,,
,,,
,,,
,,,
,,,
,,,
,,,
,,,
,,,
,,,
,,,
,,,
,,,
,,,
,,,
,,,
,,,
,,,
,,,
,,,
,,,
,,,
,,,
,,,
,,,
,,,
,,,
,,,
,,,
,,,
,,,
,,,
,,,
,,,
,,,
,,,
,,,
,,,
,,,
,,,
,,,
,,,
,,,
,,,
,,,
,,,
,,,
,,,
,,,
,,,
,,,
,,,
,,,
,,,
,,,
,,,
,,,
,,,
,,,
,,,
,,,
,,,
,,,
,,,
,,,
,,,
,,,
,,,
,,,
,,,
,,,
,,,
,,,
,,,
,,,
,,,
,,,
,,,
,,,
,,,
,,,
,,,
,,,
,,,
,,,
,,,
,,,
,,,
,,,
,,,
,,,
,,,
,,,
,,,
,,,
,,,
,,,
,,,
,,,
,,,
,,,
,,,
,,,
,,,
,,,
,,,
,,,
,,,
,,,
,,,
,,,
,,,
,,,
,,,
,,,
,,,
,,,
,,,
,,,
,,,
,,,
,,,
,,,
,,,
,,,
,,,
,,,
,,,
,,,
,,,
,,,
,,,
,,,
,,,
,,,
,,,
,,,
,,,
,,,
,,,
,,,
,,,
,,,
,,,
,,,
,,,
,,,
,,,
,,,
,,,
,,,
,,,
,,,
,,,
,,,
,,,
,,,
,,,
,,,
,,,
,,,
,,,
,,,
,,,
,,,
,,,
,,,
,,,
,,,
,,,
,,,
,,,
,,,
,,,
,,,
,,,
,,,
,,,
,,,
,,,
,,,
,,,
,,,
,,,
,,,
,,,
,,,
,,,
,,,
,,,
,,,
,,,
,,,
,,,
,,,
,,,
,,,
,,,
,,,
,,,
,,,
,,,
,,,
,,,
,,,
,,,
,,,
,,,
,,,
,,,
,,,
,,,
,,,
,,,
,,,
,,,
,,,
,,,
,,,
,,,
,,,
,,,
,,,
,,,
,,,
,,,
,,,
,,,
,,,
,,,
,,,
,,,
,,,
,,,
,,,
,,,
,,,
,,,
,,,
,,,
,,,
,,,
,,,
,,,
,,,
,,,
,,,
,,,
,,,
,,,
,,,
,,,
,,,
,,,
,,,
,,,
,,,
,,,
,,,
,,,
,,,
,,,
,,,
,,,
,,,
,,,
,,,
,,,
,,,
,,,
,,,
,,,
,,,
,,,
,,,
,,,
,,,
,,,
,,,
,,,
,,,
,,,
,,,
,,,
,,,
,,,
,,,
,,,
,,,
,,,
,,,
,,,
,,,
,,,
,,,
,,,
,,,
,,,
,,,
,,,
,,,
,,,
,,,
,,,
,,,
,,,
,,,
,,,
,,,
,,,
,,,
,,,
,,,
,,,
,,,
,,,
,,,
,,,
,,,
,,,
,,,
,,,
,,,
,,,
,,,
,,,
,,,
,,,
,,,
,,,
,,,
,,,
,,,
,,,
,,,
,,,
,,,
,,,
,,,
,,,
,,,
,,,
,,,
,,,
,,,
,,,
,,,
,,,
,,,
,,,
,,,
,,,
,,,
,,,
,,,
,,,
,,,
,,,
,,,
,,,
,,,
,,,
,,,
,,,
,,,
,,,
,,,
,,,
,,,
,,,
,,,
,,,
,,,
,,,
,,,
,,,
,,,
,,,
,,,
,,,
,,,
,,,
,,,
,,,
,,,
,,,
,,,
,,,
,,,
,,,
,,,
,,,
,,,
,,,
,,,
,,,
,,,
,,,
,,,
,,,
,,,
,,,
,,,
,,,
,,,
,,,
,,,
,,,
,,,
,,,
,,,
,,,
,,,
,,,
,,,
,,,
,,,
,,,
,,,
,,,
,,,
,,,
,,,
,,,
,,,
,,,
,,,
,,,
,,,
,,,
,,,
,,,
,,,
,,,
,,,
,,,
,,,
,,,
,,,
,,,
,,,
,,,
,,,
,,,
,,,
,,,
,,,
,,,
,,,
,,,
,,,
,,,
,,,
,,,
,,,
,,,
,,,
,,,
,,,
,,,
,,,
,,,
,,,
,,,
,,,
,,,
,,,
,,,
,,,
,,,
,,,
,,,
,,,
,,,
,,,
,,,
,,,
,,,
,,,
,,,
,,,
,,,
,,,
,,,
,,,
,,,
,,,
,,,
,,,
,,,
,,,
,,,
,,,
,,,
,,,
,,,
,,,
,,,
,,,
,,,
,,,
,,,
,,,
,,,
,,,
,,,
,,,
,,,
,,,
,,,
,,,
,,,
,,,
,,,
,,,
,,,
,,,
,,,
,,,
,,,
,,,
,,,
,,,
,,,
,,,
,,,
,,,
,,,
,,,
,,,
,,,
,,,
,,,
,,,
,,,
,,,
,,,
,,,
,,,
,,,
,,,
,,,
,,,
,,,
,,,
,,,
,,,
,,,
,,,
,,,
,,,
,,,
,,,
,,,
,,,
,,,
,,,
,,,
,,,
,,,
,,,
,,,
,,,
,,,
,,,
,,,
,,,
,,,
,,,
,,,
,,,
,,,
,,,
,,,
,,,
,,,
,,,
,,,
,,,
,,,
,,,
,,,
,,,
,,,
,,,
,,,
,,,
,,,
,,,
,,,
,,,
,,,
,,,
,,,
,,,
,,,
,,,
,,,
,,,
,,,
,,,
,,,
,,,
,,,
,,,
,,,
,,,
,,,
,,,
,,,
,,,
,,,
,,,
,,,
,,,
,,,
,,,
,,,
,,,
,,,
,,,
,,,
,,,
,,,
,,,
,,,
,,,
,,,
,,,
,,,
,,,
,,,
,,,
,,,
,,,
,,,
,,,
,,,
,,,
,,,
,,,
,,,
,,,
,,,
,,,
,,,
,,,
,,,
,,,
,,,
,,,
,,,
,,,
,,,
,,,
,,,
,,,
,,,
,,,
,,,
,,,
,,,
,,,
,,,
,,,
,,,
,,,
,,,
,,,
,,,
,,,
,,,
,,,
,,,
,,,
,,,
,,,
,,,
,,,
,,,
,,,
,,,
,,,
,,,
,,,
,,,
,,,
,,,
,,,
,,,
,,,
,,,
,,,
,,,
,,,
,,,
,,,
,,,
,,,
,,,
,,,
,,,
,,,
,,,
,,,
,,,
,,,
,,,
,,,
,,,
,,,
,,,
,,,
,,,
,,,
,,,
,,,
,,,
,,,
,,,
,,,
,,,
,,,
,,,
,,,
,,,
,,,
,,,
,,,
,,,
,,,
,,,
,,,
,,,
,,,
,,,
,,,
,,,
,,,
,,,
,,,
,,,
,,,
,,,
,,,
,,,
,,,
,,,
,,,
,,,
,,,
,,,
,,,
,,,
,,,
,,,
,,,
,,,
,,,
,,,
,,,
,,,
,,,
,,,
,,,
,,,
,,,
,,,
,,,
,,,
,,,
,,,
,,,
,,,
,,,
,,,
,,,
,,,
,,,
,,,
,,,
,,,
,,,
,,,
,,,
,,,
,,,
,,,
,,,
,,,
,,,
,,,
,,,
,,,
,,,
,,,
,,,
,,,
,,,
,,,
,,,
,,,
,,,
,,,
,,,
,,,
,,,
,,,
,,,
,,,
,,,
,,,
,,,
,,,
,,,
,,,
,,,
,,,
,,,
,,,
,,,
,,,
,,,
,,,
,,,
,,,
,,,
,,,
,,,
,,,
,,,
,,,
,,,
,,,
,,,
,,,
,,,
,,,
,,,
,,,
,,,
,,,
,,,
,,,
,,,
,,,
,,,
,,,
,,,
,,,
,,,
,,,
,,,
,,,
,,,
,,,
,,,
,,,
,,,
,,,
,,,
,,,
,,,
,,,
,,,
,,,
,,,
,,,
,,,
,,,
,,,
,,,
,,,
,,,
,,,
,,,
,,,
,,,
,,,
,,,
,,,
,,,
,,,
,,,
,,,
,,,
,,,
,,,
,,,
,,,
,,,
,,,
,,,
,,,
,,,
,,,
,,,
,,,
,,,
,,,
,,,
,,,
,,,
,,,
,,,
,,,
,,,
,,,
,,,
,,,
,,,
,,,
,,,
,,,
,,,
,,,
,,,
,,,
,,,
,,,
,,,
,,,
,,,
,,,
,,,
,,,
,,,
,,,
,,,
,,,
,,,
,,,
,,,
,,,
,,,
,,,
,,,
,,,
,,,
,,,
,,,
,,,
,,,
,,,
,,,
,,,
,,,
,,,
,,,
,,,
,,,
,,,
,,,
,,,
,,,
,,,
,,,
,,,
,,,
,,,
,,,
,,,
,,,
,,,
,,,
,,,
,,,
,,,
,,,
,,,
,,,
,,,
,,,
,,,
,,,
,,,
,,,
,,,
,,,
,,,
,,,
,,,
,,,
,,,
,,,
,,,
,,,
,,,
,,,
,,,
,,,
,,,
,,,
,,,
,,,
,,,
,,,
,,,
,,,
,,,
,,,
,,,
,,,
,,,
,,,
,,,
,,,
,,,
,,,
,,,
,,,
,,,
,,,
,,,
,,,
,,,
,,,
,,,
,,,
,,,
,,,
,,,
,,,
,,,
,,,
,,,
,,,
,,,
,,,
,,,
,,,
,,,
,,,
,,,
,,,
,,,
,,,
,,,
,,,
,,,
,,,
,,,
,,,
,,,
,,,
,,,
,,,
,,,
,,,
,,,
,,,
,,,
,,,
,,,
,,,
,,,
,,,
,,,
,,,
,,,
,,,
,,,
,,,
,,,
,,,
,,,
,,,
,,,
,,,
,,,
,,,
,,,
,,,
,,,
,,,
,,,
,,,
,,,
,,,
,,,
,,,
,,,
,,,
,,,
,,,
,,,
,,,
,,,
,,,
,,,
,,,
,,,
,,,
,,,
,,,
,,,
,,,
,,,
,,,
,,,
,,,
,,,
,,,
,,,
,,,
,,,
,,,
,,,
,,,
,,,
,,,
,,,
,,,
,,,
,,,
,,,
,,,
,,,
,,,
,,,
,,,
,,,
,,,
,,,
,,,
,,,
,,,
,,,
,,,
,,,
,,,
,,,
,,,
,,,
,,,
,,,
,,,
,,,
,,,
,,,
,,,
,,,
,,,
,,,
,,,
,,,
,,,
,,,
,,,
,,,
,,,
,,,
,,,
,,,
,,,
,,,
,,,
,,,
,,,
,,,
,,,
,,,
,,,
,,,
,,,
,,,
,,,
,,,
,,,
,,,
,,,
,,,
,,,
,,,
,,,
,,,
,,,
,,,
,,,
,,,
,,,
,,,
,,,
,,,
,,,
,,,
,,,
,,,
,,,
,,,
,,,
,,,
,,,
,,,
,,,
,,,
,,,
,,,
,,,
,,,
,,,
,,,
,,,
,,,
,,,
,,,
,,,
,,,
,,,
,,,
,,,
,,,
,,,
,,,
,,,
,,,
,,,
,,,
,,,
,,,
,,,
,,,
,,,
,,,
,,,
,,,
,,,
,,,
,,,
,,,
,,,
,,,
,,,
,,,
,,,
,,,
,,,
,,,
,,,
,,,
,,,
,,,
,,,
,,,
,,,
,,,
,,,
,,,
,,,
,,,
,,,
,,,
,,,
,,,
,,,
,,,
,,,
,,,
,,,
,,,
,,,
,,,
,,,
,,,
,,,
,,,
,,,
,,,
,,,
,,,
,,,
,,,
,,,
,,,
,,,
,,,
,,,
,,,
,,,
,,,
,,,
,,,
,,,
,,,
,,,
,,,
,,,
,,,
,,,
,,,
,,,
,,,
,,,
,,,
,,,
,,,
,,,
,,,
,,,
,,,
,,,
,,,
,,,
,,,
,,,
,,,
,,,
,,,
,,,
,,,
,,,
,,,
,,,
,,,
,,,
,,,
,,,
,,,
,,,
,,,
,,,
,,,
,,,
,,,
,,,
,,,
,,,
,,,
,,,
,,,
,,,
,,,
,,,
,,,
,,,
,,,
,,,
,,,
,,,
,,,
,,,
,,,
,,,
,,,
,,,
,,,
,,,
,,,
,,,
,,,
,,,
,,,
,,,
,,,
,,,
,,,
,,,
,,,
,,,
,,,
,,,
,,,
,,,
,,,
,,,
,,,
,,,
,,,
,,,
,,,
,,,
,,,
,,,
,,,
,,,
,,,
,,,
,,,
,,,
,,,
,,,
,,,
,,,
,,,
,,,
,,,
,,,
,,,
,,,
,,,
,,,
,,,
,,,
,,,
,,,
,,,
,,,
,,,
,,,
,,,
,,,
,,,
,,,
,,,
,,,
,,,
,,,
,,,
,,,
,,,
,,,
,,,
,,,
,,,
,,,
,,,
,,,
,,,
,,,
,,,
,,,
,,,
,,,
,,,
,,,
,,,
,,,
,,,
,,,
,,,
,,,
,,,
,,,
,,,
,,,
,,,
,,,
,,,
,,,
,,,
,,,
,,,
,,,
,,,
,,,
,,,
,,,
,,,
,,,
,,,
,,,
,,,
,,,
,,,
,,,
,,,
,,,
,,,
,,,
,,,
,,,
,,,
,,,
,,,
,,,
,,,
,,,
,,,
,,,
,,,
,,,
,,,
,,,
,,,
,,,
,,,
,,,
,,,
,,,
,,,
,,,
,,,
,,,
,,,
,,,
,,,
,,,
,,,
,,,
,,,
,,,
,,,
,,,
,,,
,,,
,,,
,,,
,,,
,,,
,,,
,,,
,,,
,,,
,,,
,,,
,,,
,,,
,,,
,,,
,,,
,,,
,,,
,,,
,,,
,,,
,,,
,,,
,,,
,,,
,,,
,,,
,,,
,,,
,,,
,,,
,,,
,,,
,,,
,,,
,,,
,,,
,,,
,,,
,,,
,,,
,,,
,,,
,,,
,,,
,,,
,,,
,,,
,,,
,,,
,,,
,,,
,,,
,,,
,,,
,,,
,,,
,,,
,,,
,,,
,,,
,,,
,,,
,,,
,,,
,,,
,,,
,,,
,,,
,,,
,,,
,,,
,,,
,,,
,,,
,,,
,,,
,,,
,,,
,,,
,,,
,,,
,,,
,,,
,,,
,,,
,,,
,,,
,,,
,,,
,,,
,,,
,,,
,,,
,,,
,,,
,,,
,,,
,,,
,,,
,,,
,,,
,,,
,,,
,,,
,,,
,,,
,,,
,,,
,,,
,,,
,,,
,,,
,,,
,,,
,,,
,,,
,,,
,,,
,,,
,,,
,,,
,,,
,,,
,,,
,,,
,,,
,,,
,,,
,,,
,,,
,,,
,,,
,,,
,,,
,,,
,,,
,,,
,,,
,,,
,,,
,,,
,,,
,,,
,,,
,,,
,,,
,,,
,,,
,,,
,,,
,,,
,,,
,,,
,,,
,,,
,,,
,,,
,,,
,,,
,,,
,,,
,,,
,,,
,,,
,,,
,,,
,,,
,,,
,,,
,,,
,,,
,,,
,,,
,,,
,,,
,,,
,,,
,,,
,,,
,,,
,,,
,,,
,,,
,,,
,,,
,,,
,,,
,,,
,,,
,,,
,,,
,,,
,,,
,,,
,,,
,,,
,,,
,,,
,,,
,,,
,,,
,,,
,,,
,,,
,,,
,,,
,,,
,,,
,,,
,,,
,,,
,,,
,,,
,,,
,,,
,,,
,,,
,,,
,,,
,,,
,,,
,,,
,,,
,,,
,,,
,,,
,,,
,,,
,,,
,,,
,,,
,,,
,,,
,,,
,,,
,,,
,,,
,,,
,,,
,,,
,,,
,,,
,,,
,,,
,,,
,,,
,,,
,,,
,,,
,,,
,,,
,,,
,,,
,,,
,,,
,,,
,,,
,,,
,,,
,,,
,,,
,,,
,,,
,,,
,,,
,,,
,,,
,,,
,,,
,,,
,,,
,,,
,,,
,,,
,,,
,,,
,,,
,,,
,,,
,,,
,,,
,,,
,,,
,,,
,,,
,,,
,,,
,,,
,,,
,,,
,,,
,,,
,,,
,,,
,,,
,,,
,,,
,,,
,,,
,,,
,,,
,,,
,,,
,,,
,,,
,,,
,,,
,,,
,,,
,,,
,,,
,,,
,,,
,,,
,,,
,,,
,,,
,,,
,,,
,,,
,,,
,,,
,,,
,,,
,,,
,,,
,,,
,,,
,,,
,,,
,,,
,,,
,,,
,,,
,,,
,,,
,,,
,,,
,,,
,,,
,,,
,,,
,,,
,,,
,,,
,,,
,,,
,,,
,,,
,,,
,,,
,,,
,,,
,,,
,,,
,,,
,,,
,,,
,,,
,,,
,,,
,,,
,,,
,,,
,,,
,,,
,,,
,,,
,,,
,,,
,,,
,,,
,,,
,,,
,,,
,,,
,,,
,,,
,,,
,,,
,,,
,,,
,,,
,,,
,,,
,,,
,,,
,,,
,,,
,,,
,,,
,,,
,,,
,,,
,,,
,,,
,,,
,,,
,,,
,,,
,,,
,,,
,,,
,,,
,,,
,,,
,,,
,,,
,,,
,,,
,,,
,,,
,,,
,,,
,,,
,,,
,,,
,,,
,,,
,,,
,,,
,,,
,,,
,,,
,,,
,,,
,,,
,,,
,,,
,,,
,,,
,,,
,,,
,,,
,,,
,,,
,,,
,,,
,,,
,,,
,,,
,,,
,,,
,,,
,,,
,,,
,,,
,,,
,,,
,,,
,,,
,,,
,,,
,,,
,,,
,,,
,,,
,,,
,,,
,,,
,,,
,,,
,,,
,,,
,,,
,,,
,,,
,,,
,,,
,,,
,,,
,,,
,,,
,,,
,,,
,,,
,,,
,,,
,,,
,,,
,,,
,,,
,,,
,,,
,,,
,,,
,,,
,,,
,,,
,,,
,,,
,,,
,,,
,,,
,,,
,,,
,,,
,,,
,,,
,,,
,,,
,,,
,,,
,,,
,,,
,,,
,,,
,,,
,,,
,,,
,,,
,,,
,,,
,,,
,,,
,,,
,,,
,,,
,,,
,,,
,,,
,,,
,,,
,,,
,,,
,,,
,,,
,,,
,,,
,,,
,,,
,,,
,,,
,,,
,,,
,,,
,,,
,,,
,,,
,,,
,,,
,,,
,,,
,,,
,,,
,,,
,,,
,,,
,,,
,,,
,,,
,,,
,,,
,,,
,,,
,,,
,,,
,,,
,,,
,,,
,,,
,,,
,,,
,,,
,,,
,,,
,,,
,,,
,,,
,,,
,,,
,,,
,,,
,,,
,,,
,,,
,,,
,,,
,,,
,,,
,,,
,,,
,,,
,,,
,,,
,,,
,,,
,,,
,,,
,,,
,,,
,,,
,,,
,,,
,,,
,,,
,,,
,,,
,,,
,,,
,,,
,,,
,,,
,,,
,,,
,,,
,,,
,,,
,,,
,,,
,,,
,,,
,,,
,,,
,,,
,,,
,,,
,,,
,,,
,,,
,,,
,,,
,,,
,,,
,,,
,,,
,,,
,,,
,,,
,,,
,,,
,,,
,,,
,,,
,,,
,,,
,,,
,,,
,,,
,,,
,,,
,,,
,,,
,,,
,,,
,,,
,,,
,,,
,,,
,,,
,,,
,,,
,,,
,,,
,,,
,,,
,,,
,,,
,,,
,,,
,,,
,,,
,,,
,,,
,,,
,,,
,,,
,,,
,,,
,,,
,,,
,,,
,,,
,,,
,,,
,,,
,,,
,,,
,,,
,,,
,,,
,,,
,,,
,,,
,,,
,,,
,,,
,,,
,,,
,,,
,,,
,,,
,,,
,,,
,,,
,,,
,,,
,,,
,,,
,,,
,,,
,,,
,,,
,,,
,,,
,,,
,,,
,,,
,,,
,,,
,,,
,,,
,,,
,,,
,,,
,,,
,,,
,,,
,,,
,,,
,,,
,,,
,,,
,,,
,,,
,,,
,,,
,,,
,,,
,,,
,,,
,,,
,,,
,,,
,,,
,,,
,,,
,,,
,,,
,,,
,,,
,,,
,,,
,,,
,,,
,,,
,,,
,,,
,,,
,,,
,,,
,,,
,,,
,,,
,,,
,,,
,,,
,,,
,,,
,,,
,,,
,,,
,,,
,,,
,,,
,,,
,,,
,,,
,,,
,,,
,,,
,,,
,,,
,,,
,,,
,,,
,,,
,,,
,,,
,,,
,,,
,,,
,,,
,,,
,,,
,,,
,,,
,,,
,,,
,,,
,,,
,,,
,,,
,,,
,,,
,,,
,,,
,,,
,,,
,,,
,,,
,,,
,,,
,,,
,,,
,,,
,,,
,,,
,,,
,,,
,,,
,,,
,,,
,,,
,,,
,,,
,,,
,,,
,,,
,,,
,,,
,,,
,,,
,,,
,,,
,,,
,,,
,,,
,,,
,,,
,,,
,,,
,,,
,,,
,,,
,,,
,,,
,,,
,,,
,,,
,,,
,,,
,,,
,,,
,,,
,,,
,,,
,,,
,,,
,,,
,,,
,,,
,,,
,,,
,,,
,,,
,,,
,,,
,,,
,,,
,,,
,,,
,,,
,,,
,,,
,,,
,,,
,,,
,,,
,,,
,,,
,,,
,,,
,,,
,,,
,,,
,,,
,,,
,,,
,,,
,,,
,,,
,,,
,,,
,,,
,,,
,,,
,,,
,,,
,,,
,,,
,,,
,,,
,,,
,,,
,,,
,,,
,,,
,,,
,,,
,,,
,,,
,,,
,,,
,,,
,,,
,,,
,,,
,,,
,,,
,,,
,,,
,,,
,,,
,,,
,,,
,,,
,,,
,,,
,,,
,,,
,,,
,,,
,,,
,,,
,,,
,,,
,,,
,,,
,,,
,,,
,,,
,,,
,,,
,,,
,,,
,,,
,,,
,,,
,,,
,,,
,,,
,,,
,,,
,,,
,,,
,,,
,,,
,,,
,,,
,,,
,,,
,,,
,,,
,,,
,,,
,,,
,,,
,,,
,,,
,,,
,,,
,,,
,,,
,,,
,,,
,,,
,,,
,,,
,,,
,,,
,,,
,,,
,,,
,,,
,,,
,,,
,,,
,,,
,,,
,,,
,,,
,,,
,,,
,,,
,,,
,,,
,,,
,,,
,,,
,,,
,,,
,,,
,,,
,,,
,,,
,,,
,,,
,,,
,,,
,,,
,,,
,,,
,,,
,,,
,,,
,,,
,,,
,,,
,,,
,,,
,,,
,,,
,,,
,,,
,,,
,,,
,,,
,,,
,,,
,,,
,,,
,,,
,,,
,,,
,,,
,,,
,,,
,,,
,,,
,,,
,,,
,,,
,,,
,,,
,,,
,,,
,,,
,,,
,,,
,,,
,,,
,,,
,,,
,,,
,,,
,,,
,,,
,,,
,,,
,,,
,,,
,,,
,,,
,,,
,,,
,,,
,,,
,,,
,,,
,,,
,,,
,,,
,,,
,,,
,,,
,,,
,,,
,,,
,,,
,,,
,,,
,,,
,,,
,,,
,,,
,,,
,,,
,,,
,,,
,,,
,,,
,,,
,,,
,,,
,,,
,,,
,,,
,,,
,,,
,,,
,,,
,,,
,,,
,,,
,,,
,,,
,,,
,,,
,,,
,,,
,,,
,,,
,,,
,,,
,,,
,,,
,,,
,,,
,,,
,,,
,,,
,,,
,,,
,,,
,,,
,,,
,,,
,,,
,,,
,,,
,,,
,,,
,,,
,,,
,,,
,,,
,,,
,,,
,,,
,,,
,,,
,,,
,,,
,,,
,,,
,,,
,,,
,,,
,,,
,,,
,,,
,,,
,,,
,,,
,,,
,,,
,,,
,,,
,,,
,,,
,,,
,,,
,,,
,,,
,,,
,,,
,,,
,,,
,,,
,,,
,,,
,,,
,,,
,,,
,,,
,,,
,,,
,,,
,,,
,,,
,,,
,,,
,,,
,,,
,,,
,,,
,,,
,,,
,,,
,,,
,,,
,,,
,,,
,,,
,,,
,,,
,,,
,,,
,,,
,,,
,,,
,,,
,,,
,,,
,,,
,,,
,,,
,,,
,,,
,,,
,,,
,,,
,,,
,,,
,,,
,,,
,,,
,,,
,,,
,,,
,,,
,,,
,,,
,,,
,,,
,,,
,,,
,,,
,,,
,,,
,,,
,,,
,,,
,,,
,,,
,,,
,,,
,,,
,,,
,,,
,,,
,,,
,,,
,,,
,,,
,,,
,,,
,,,
,,,
,,,
,,,
,,,
,,,
,,,
,,,
,,,
,,,
,,,
,,,
,,,
,,,
,,,
,,,
,,,
,,,
,,,
,,,
,,,
,,,
,,,
,,,
,,,
,,,
,,,
,,,
,,,
,,,
,,,
,,,
,,,
,,,
,,,
,,,
,,,
,,,
,,,
,,,
,,,
,,,
,,,
,,,
,,,
,,,
,,,
,,,
,,,
,,,
,,,
,,,
,,,
,,,
,,,
,,,
,,,
,,,
,,,
,,,
,,,
,,,
,,,
,,,
,,,
,,,
,,,
,,,
,,,
,,,
,,,
,,,
,,,
,,,
,,,
,,,
,,,
,,,
,,,
,,,
,,,
,,,
,,,
,,,
,,,
,,,
,,,
,,,
,,,
,,,
,,,
,,,
,,,
,,,
,,,
,,,
,,,
,,,
,,,
,,,
,,,
,,,
,,,
,,,
,,,
,,,
,,,
,,,
,,,
,,,
,,,
,,,
,,,
,,,
,,,
,,,
,,,
,,,
,,,
,,,
,,,
,,,
,,,
,,,
,,,
,,,
,,,
,,,
,,,
,,,
,,,
,,,
,,,
,,,
,,,
,,,
,,,
,,,
,,,
,,,
,,,
,,,
,,,
,,,
,,,
,,,
,,,
,,,
,,,
,,,
,,,
,,,
,,,
,,,
,,,
,,,
,,,
,,,
,,,
,,,
,,,
,,,
,,,
,,,
,,,
,,,
,,,
,,,
,,,
,,,
,,,
,,,
,,,
,,,
,,,
,,,
,,,
,,,
,,,
,,,
,,,
,,,
,,,
,,,
,,,
,,,
,,,
,,,
,,,
,,,
,,,
,,,
,,,
,,,
,,,
,,,
,,,
,,,
,,,
,,,
,,,
,,,
,,,
,,,
,,,
,,,
,,,
,,,
,,,
,,,
,,,
,,,
,,,
,,,
,,,
,,,
,,,
,,,
,,,
,,,
,,,
,,,
,,,
,,,
,,,
,,,
,,,
,,,
,,,
,,,
,,,
,,,
,,,
,,,
,,,
,,,
,,,
,,,
,,,
,,,
,,,
,,,
,,,
,,,
,,,
,,,
,,,
,,,
,,,
,,,
,,,
,,,
,,,
,,,
,,,
,,,
,,,
,,,
,,,
,,,
,,,
,,,
,,,
,,,
,,,
,,,
,,,
,,,
,,,
,,,
,,,
,,,
,,,
,,,
,,,
,,,
,,,
,,,
,,,
,,,
,,,
,,,
,,,
,,,
,,,
,,,
,,,
,,,
,,,
,,,
,,,
,,,
,,,
,,,
,,,
,,,
,,,
,,,
,,,
,,,
,,,
,,,
,,,
,,,
,,,
,,,
,,,
,,,
,,,
,,,
,,,
,,,
,,,
,,,
,,,
,,,
,,,
,,,
,,,
,,,
,,,
,,,
,,,
,,,
,,,
,,,
,,,
,,,
,,,
,,,
,,,
,,,
,,,
,,,
,,,
,,,
,,,
,,,
,,,
,,,
,,,
,,,
,,,
,,,
,,,
,,,
,,,
,,,
,,,
,,,
,,,
,,,
,,,
,,,
,,,
,,,
,,,
,,,
,,,
,,,
,,,
,,,
,,,
,,,
,,,
,,,
,,,
,,,
,,,
,,,
,,,
,,,
,,,
,,,
,,,
,,,
,,,
,,,
,,,
,,,
,,,
,,,
,,,
,,,
,,,
,,,
,,,
,,,
,,,
,,,
,,,
,,,
,,,
,,,
,,,
,,,
,,,
,,,
,,,
,,,
,,,
,,,
,,,
,,,
,,,
,,,
,,,
,,,
,,,
,,,
,,,
,,,
,,,
,,,
,,,
,,,
,,,
,,,
,,,
,,,
,,,
,,,
,,,
,,,
,,,
,,,
,,,
,,,
,,,
,,,
,,,
,,,
,,,
,,,
,,,
,,,
,,,
,,,
,,,
,,,
,,,
,,,
,,,
,,,
,,,
,,,
,,,
,,,
,,,
,,,
,,,
,,,
,,,
,,,
,,,
,,,
,,,
,,,
,,,
,,,
,,,
,,,
,,,
,,,
,,,
,,,
,,,
,,,
,,,
,,,
,,,
,,,
,,,
,,,
,,,
,,,
,,,
,,,
,,,
,,,
,,,
,,,
,,,
,,,
,,,
,,,
,,,
,,,
,,,
,,,
,,,
,,,
,,,
,,,
,,,
,,,
,,,
,,,
,,,
,,,
,,,
,,,
,,,
,,,
,,,
,,,
,,,
,,,
,,,
,,,
,,,
,,,
,,,
,,,
,,,
,,,
,,,
,,,
,,,
,,,
,,,
,,,
,,,
,,,
,,,
,,,
,,,
,,,
,,,
,,,
,,,
,,,
,,,
,,,
,,,
,,,
,,,
,,,
,,,
,,,
,,,
,,,
,,,
,,,
,,,
,,,
,,,
,,,
,,,
,,,
,,,
,,,
,,,
,,,
,,,
,,,
,,,
,,,
,,,
,,,
,,,
,,,
,,,
,,,
,,,
,,,
,,,
,,,
,,,
,,,
,,,
,,,
,,,
,,,
,,,
,,,
,,,
,,,
,,,
,,,
,,,
,,,
,,,
,,,
,,,
,,,
,,,
,,,
,,,
,,,
,,,
,,,
,,,
,,,
,,,
,,,
,,,
,,,
,,,
,,,
,,,
,,,
,,,
,,,
,,,
,,,
,,,
,,,
,,,
,,,
,,,
,,,
,,,
,,,
,,,
,,,
,,,
,,,
,,,
,,,
,,,
,,,
,,,
,,,
,,,
,,,
,,,
,,,
,,,
,,,
,,,
,,,
,,,
,,,
,,,
,,,
,,,
,,,
,,,
,,,
,,,
,,,
,,,
,,,
,,,
,,,
,,,
,,,
,,,
,,,
,,,
,,,
,,,
,,,
,,,
,,,
,,,
,,,
,,,
,,,
,,,
,,,
,,,
,,,
,,,
,,,
,,,
,,,
,,,
,,,
,,,
,,,
,,,
,,,
,,,
,,,
,,,
,,,
,,,
,,,
,,,
,,,
,,,
,,,
,,,
,,,
,,,
,,,
,,,
,,,
,,,
,,,
,,,
,,,
,,,
,,,
,,,
,,,
,,,
,,,
,,,
,,,
,,,
,,,
,,,
,,,
,,,
,,,
,,,
,,,
,,,
,,,
,,,
,,,
,,,
,,,
,,,
,,,
,,,
,,,
,,,
,,,
,,,
,,,
,,,
,,,
,,,
,,,
,,,
,,,
,,,
,,,
,,,
,,,
,,,
,,,
,,,
,,,
,,,
,,,
,,,
,,,
,,,
,,,
,,,
,,,
,,,
,,,
,,,
,,,
,,,
,,,
,,,
,,,
,,,
,,,
,,,
,,,
,,,
,,,
,,,
,,,
,,,
,,,
,,,
,,,
,,,
,,,
,,,
,,,
,,,
,,,
,,,
,,,
,,,
,,,
,,,
,,,
,,,
,,,
,,,
,,,
,,,
,,,
,,,
,,,
,,,
,,,
,,,
,,,
,,,
,,,
,,,
,,,
,,,
,,,
,,,
,,,
,,,
,,,
,,,
,,,
,,,
,,,
,,,
,,,
,,,
,,,
,,,
,,,
,,,
,,,
,,,
,,,
,,,
,,,
,,,
,,,
,,,
,,,
,,,
,,,
,,,
,,,
,,,
,,,
,,,
,,,
,,,
,,,
,,,
,,,
,,,
,,,
,,,
,,,
,,,
,,,
,,,
,,,
,,,
,,,
,,,
,,,
,,,
,,,
,,,
,,,
,,,
,,,
,,,
,,,
,,,
,,,
,,,
,,,
,,,
,,,
,,,
,,,
,,,
,,,
,,,
,,,
,,,
,,,
,,,
,,,
,,,
,,,
,,,
,,,
,,,
,,,
,,,
,,,
,,,
,,,
,,,
,,,
,,,
,,,
,,,
,,,
,,,
,,,
,,,
,,,
,,,
,,,
,,,
,,,
,,,
,,,
,,,
,,,
,,,
,,,
,,,
,,,
,,,
,,,
,,,
,,,
,,,
,,,
,,,
,,,
,,,
,,,
,,,
,,,
,,,
,,,
,,,
,,,
,,,
,,,
,,,
,,,
,,,
,,,
,,,
,,,
,,,
,,,
,,,
,,,
,,,
,,,
,,,
,,,
,,,
,,,
,,,
,,,
,,,
,,,
,,,
,,,
,,,
,,,
,,,
,,,
,,,
,,,
,,,
,,,
,,,
,,,
,,,
,,,
,,,
,,,
,,,
,,,
,,,
,,,
,,,
,,,
,,,
,,,
,,,
,,,
,,,
,,,
,,,
,,,
,,,
,,,
,,,
,,,
,,,
,,,
,,,
,,,
,,,
,,,
,,,
,,,
,,,
,,,
,,,
,,,
,,,
,,,
,,,
,,,
,,,
,,,
,,,
,,,
,,,
,,,
,,,
,,,
,,,
,,,
,,,
,,,
,,,
,,,
,,,
,,,
,,,
,,,
,,,
,,,
,,,
,,,
,,,
,,,
,,,
,,,
,,,
,,,
,,,
,,,
,,,
,,,
,,,
,,,
,,,
,,,
,,,
,,,
,,,
,,,
,,,
,,,
,,,
,,,
,,,
,,,
,,,
,,,
,,,
,,,
,,,
,,,
,,,
,,,
,,,
,,,
,,,
,,,
,,,
,,,
,,,
,,,
,,,
,,,
,,,
,,,
,,,
,,,
,,,
,,,
,,,
,,,
,,,
,,,
,,,
,,,
,,,
,,,
,,,
,,,
,,,
,,,
,,,
,,,
,,,
,,,
,,,
,,,
,,,
,,,
,,,
,,,
,,,
,,,
,,,
,,,
,,,
,,,
,,,
,,,
,,,
,,,
,,,
,,,
,,,
,,,
,,,
,,,
,,,
,,,
,,,
,,,
,,,
,,,
,,,
,,,
,,,
,,,
,,,
,,,
,,,
,,,
,,,
,,,
,,,
,,,
,,,
,,,
,,,
,,,
,,,
,,,
,,,
,,,
,,,
,,,
,,,
,,,
,,,
,,,
,,,
,,,
,,,
,,,
,,,
,,,
,,,
,,,
,,,
,,,
,,,
,,,
,,,
,,,
,,,
,,,
,,,
,,,
,,,
,,,
,,,
,,,
,,,
,,,
,,,
,,,
,,,
,,,
,,,
,,,
,,,
,,,
,,,
,,,
,,,
,,,
,,,
,,,
,,,
,,,
,,,
,,,
,,,
,,,
,,,
,,,
,,,
,,,
,,,
,,,
,,,
,,,
,,,
,,,
,,,
,,,
,,,
,,,
,,,
,,,
,,,
,,,
,,,
,,,
,,,
,,,
,,,
,,,
,,,
,,,
,,,
,,,
,,,
,,,
,,,
,,,
,,,
,,,
,,,
,,,
,,,
,,,
,,,
,,,
,,,
,,,
,,,
,,,
,,,
,,,
,,,
,,,
,,,
,,,
,,,
,,,
,,,
,,,
,,,
,,,
,,,
,,,
,,,
,,,
,,,
,,,
,,,
,,,
,,,
,,,
,,,
,,,
,,,
,,,
,,,
,,,
,,,
,,,
,,,
,,,
,,,
,,,
,,,
,,,
,,,
,,,
,,,
,,,
,,,
,,,
,,,
,,,
,,,
,,,
,,,
,,,
,,,
,,,
,,,
,,,
,,,
,,,
,,,
,,,
,,,
,,,
,,,
,,,
,,,
,,,
,,,
,,,
,,,
,,,
,,,
,,,
,,,
,,,
,,,
,,,
,,,
,,,
,,,
,,,
,,,
,,,
,,,
,,,
,,,
,,,
,,,
,,,
,,,
,,,
,,,
,,,
,,,
,,,
,,,
,,,
,,,
,,,
,,,
,,,
,,,
,,,
,,,
,,,
,,,
,,,
,,,
,,,
,,,
,,,
,,,
,,,
,,,
,,,
,,,
,,,
,,,
,,,
,,,
,,,
,,,
,,,
,,,
,,,
,,,
,,,
,,,
,,,
,,,
,,,
,,,
,,,
,,,
,,,
,,,
,,,
,,,
,,,
,,,
,,,
,,,
,,,
,,,
,,,
,,,
,,,
,,,
,,,
,,,
,,,
,,,
,,,
,,,
,,,
,,,
,,,
,,,
,,,
,,,
,,,
,,,
,,,
,,,
,,,
,,,
,,,
,,,
,,,
,,,
,,,
,,,
,,,
,,,
,,,
,,,
,,,
,,,
,,,
,,,
,,,
,,,
,,,
,,,
,,,
,,,
,,,
,,,
,,,
,,,
,,,
,,,
,,,
,,,
,,,
,,,
,,,
,,,
,,,
,,,
,,,
,,,
,,,
,,,
,,,
,,,
,,,
,,,
,,,
,,,
,,,
,,,
,,,
,,,
,,,
,,,
,,,
,,,
,,,
,,,
,,,
,,,
,,,
,,,
,,,
,,,
,,,
,,,
,,,
,,,
,,,
,,,
,,,
,,,
,,,
,,,
,,,
,,,
,,,
,,,
,,,
,,,
,,,
,,,
,,,
,,,
,,,
,,,
,,,
,,,
,,,
,,,
,,,
,,,
,,,
,,,
,,,
,,,
,,,
,,,
,,,
,,,
,,,
,,,
,,,
,,,
,,,
,,,
,,,
,,,
,,,
,,,
,,,
,,,
,,,
,,,
,,,
,,,
,,,
,,,
,,,
,,,
,,,
,,,
,,,
,,,
,,,
,,,
,,,
,,,
,,,
,,,
,,,
,,,
,,,
,,,
,,,
,,,
,,,
,,,
,,,
,,,
,,,
,,,
,,,
,,,
,,,
,,,
,,,
,,,
,,,
,,,
,,,
,,,
,,,
,,,
,,,
,,,
,,,
,,,
,,,
,,,
,,,
,,,
,,,
,,,
,,,
,,,
,,,
,,,
,,,
,,,
,,,
,,,
,,,
,,,
,,,
,,,
,,,
,,,
,,,
,,,
,,,
,,,
,,,
,,,
,,,
,,,
,,,
,,,
,,,
,,,
,,,
,,,
,,,
,,,
,,,
,,,
,,,
,,,
,,,
,,,
,,,
,,,
,,,
,,,
,,,
,,,
,,,
,,,
,,,
,,,
,,,
,,,
,,,
,,,
,,,
,,,
,,,
,,,
,,,
,,,
,,,
,,,
,,,
,,,
,,,
,,,
,,,
,,,
,,,
,,,
,,,
,,,
,,,
,,,
,,,
,,,
,,,
,,,
,,,
,,,
,,,
,,,
,,,
,,,
,,,
,,,
,,,
,,,
,,,
,,,
,,,
,,,
,,,
,,,
,,,
,,,
,,,
,,,
,,,
,,,
,,,
,,,
,,,
,,,
,,,
,,,
,,,
,,,
,,,
,,,
,,,
,,,
,,,
,,,
,,,
,,,
,,,
,,,
,,,
,,,
,,,
,,,
,,,
,,,
,,,
,,,
,,,
,,,
,,,
,,,
,,,
,,,
,,,
,,,
,,,
,,,
,,,
,,,
,,,
,,,
,,,
,,,
,,,
,,,
,,,
,,,
,,,
,,,
,,,
,,,
,,,
,,,
,,,
,,,
,,,
,,,
,,,
,,,
,,,
,,,
,,,
,,,
,,,
,,,
,,,
,,,
,,,
,,,
,,,
,,,
,,,
,,,
,,,
,,,
,,,
,,,
,,,
,,,
,,,
,,,
,,,
,,,
,,,
,,,
,,,
,,,
,,,
,,,
,,,
,,,
,,,
,,,
,,,
,,,
,,,
,,,
,,,
,,,
,,,
,,,
,,,
,,,
,,,
,,,
,,,
,,,
,,,
,,,
,,,
,,,
,,,
,,,
,,,
,,,
,,,
,,,
,,,
,,,
,,,
,,,
,,,
,,,
,,,
,,,
,,,
,,,
,,,
,,,
,,,
,,,
,,,
,,,
,,,
,,,
,,,
,,,
,,,
,,,
,,,
,,,
,,,
,,,
,,,
,,,
,,,
,,,
,,,
,,,
,,,
,,,
,,,
,,,
,,,
,,,
,,,
,,,
,,,
,,,
,,,
,,,
,,,
,,,
,,,
,,,
,,,
,,,
,,,
,,,
,,,
,,,
,,,
,,,
,,,
,,,
,,,
,,,
,,,
,,,
,,,
,,,
,,,
,,,
,,,
,,,
,,,
,,,
,,,
,,,
,,,
,,,
,,,
,,,
,,,
,,,
,,,
,,,
,,,
,,,
,,,
,,,
,,,
,,,
,,,
,,,
,,,
,,,
,,,
,,,
,,,
,,,
,,,
,,,
,,,
,,,
,,,
,,,
,,,
,,,
,,,
,,,
,,,
,,,
,,,
,,,
,,,
,,,
,,,
,,,
,,,
,,,
,,,
,,,
,,,
,,,
,,,
,,,
,,,
,,,
,,,
,,,
,,,
,,,
,,,
,,,
,,,
,,,
,,,
,,,
,,,
,,,
,,,
,,,
,,,
,,,
,,,
,,,
,,,
,,,
,,,
,,,
,,,
,,,
,,,
,,,
,,,
,,,
,,,
,,,
,,,
,,,
,,,
,,,
,,,
,,,
,,,
,,,
,,,
,,,
,,,
,,,
,,,
,,,
,,,
,,,
,,,
,,,
,,,
,,,
,,,
,,,
,,,
,,,
,,,
,,,
,,,
,,,
,,,
,,,
,,,
,,,
,,,
,,,
,,,
,,,
,,,
,,,
,,,
,,,
,,,
,,,
,,,
,,,
,,,
,,,
,,,
,,,
,,,
,,,
,,,
,,,
,,,
,,,
,,,
,,,
,,,
,,,
,,,
,,,
,,,
,,,
,,,
,,,
,,,
,,,
,,,
,,,
,,,
,,,
,,,
,,,
,,,
,,,
,,,
,,,
,,,
,,,
,,,
,,,
,,,
,,,
,,,
,,,
,,,
,,,
,,,
,,,
,,,
,,,
,,,
,,,
,,,
,,,
,,,
,,,
,,,
,,,
,,,
,,,
,,,
,,,
,,,
,,,
,,,
,,,
,,,
,,,
,,,
,,,
,,,
,,,
,,,
,,,
,,,
,,,
,,,
,,,
,,,
,,,
,,,
,,,
,,,
,,,
,,,
,,,
,,,
,,,
,,,
,,,
,,,
,,,
,,,
,,,
,,,
,,,
,,,
,,,
,,,
,,,
,,,
,,,
,,,
,,,
,,,
,,,
,,,
,,,
,,,
,,,
,,,
,,,
,,,
,,,
,,,
,,,
,,,
,,,
,,,
,,,
,,,
,,,
,,,
,,,
,,,
,,,
,,,
,,,
,,,
,,,
,,,
,,,
,,,
,,,
,,,
,,,
,,,
,,,
,,,
,,,
,,,
,,,
,,,
,,,
,,,
,,,
,,,
,,,
,,,
,,,
,,,
,,,
,,,
,,,
,,,
,,,
,,,
,,,
,,,
,,,
,,,
,,,
,,,
,,,
,,,
,,,
,,,
,,,
,,,
,,,
,,,
,,,
,,,
,,,
,,,
,,,
,,,
,,,
,,,
,,,
,,,
,,,
,,,
,,,
,,,
,,,
,,,
,,,
,,,
,,,
,,,
,,,
,,,
,,,
,,,
,,,
,,,
,,,
,,,
,,,
,,,
,,,
,,,
,,,
,,,
,,,
,,,
,,,
,,,
,,,
,,,
,,,
,,,
,,,
,,,
,,,
,,,
,,,
,,,
,,,
,,,
,,,
,,,
,,,
,,,
,,,
,,,
,,,
,,,
,,,
,,,
,,,
,,,
,,,
,,,
,,,
,,,
,,,
,,,
,,,
,,,
,,,
,,,
,,,
,,,
,,,
,,,
,,,
,,,
,,,
,,,
,,,
,,,
,,,
,,,
,,,
,,,
,,,
,,,
,,,
,,,
,,,
,,,
,,,
,,,
,,,
,,,
,,,
,,,
,,,
,,,
,,,
,,,
,,,
,,,
,,,
,,,
,,,
,,,
,,,
,,,
,,,
,,,
,,,
,,,
,,,
,,,
,,,
,,,
,,,
,,,
,,,
,,,
,,,
,,,
,,,
,,,
,,,
,,,
,,,
,,,
,,,
,,,
,,,
,,,
,,,
,,,
,,,
,,,
,,,
,,,
,,,
